energy,0,1,2,3,4,5,6,7,8,9,10,11,12,13,14,15,16,17,18,19,20,21,22,23,24,25,26,27,28,29,30,31,32,33,34,35,36,37,38,39,40,41,42,43,44,45,46,47,48,49,50,51,52,53,54,55,56,57,58,59,60,61,62,63,64,65,66,67,68,69,70,71,72,73,74,75,76,77,78,79,80,81,82,83,84,85,86,87,88,89,90,91,92,93,94,95,96,97,98,99,100,101,102,103,104,105,106,107,108,109,110,111,112,113,114,115,116,117,118,119,120,121,122,123,124,125,126,127,128,129,130,131,132,133,134,135,136,137,138,139,140,141,142,143,144,145,146,147,148,149,150,151,152,153,154,155,156,157,158,159,160,161,162,163,164,165,166,167,168,169,170,171,172,173,174,175,176,177,178,179,180
0.05,24.64336,24.57715,24.38002,24.05641,23.61352,23.06099,22.41048,21.67525,20.86959,20.00835,19.10642,18.17832,17.23774,16.29728,15.36822,14.46032,13.58178,12.73921,11.93771,11.18091,10.47114,9.809575,9.196367,8.630828,8.111580,7.636704,7.203871,6.810464,6.453675,6.130596,5.838286,5.573831,5.334386,5.117206,4.919676,4.739321,4.573823,4.421021,4.278920,4.145682,4.019631,3.899248,3.783165,3.670158,3.559151,3.449201,3.339500,3.229365,3.118240,3.005683,2.891371,2.775085,2.656715,2.536248,2.413766,2.289442,2.163532,2.036368,1.908356,1.779967,1.651727,1.524216,1.398055,1.273902,1.152440,1.034372,9.204099E-1,8.112691E-1,7.076571E-1,6.102662E-1,5.197654E-1,4.367916E-1,3.619424E-1,2.957680E-1,2.387648E-1,1.913684E-1,1.539473E-1,1.267984E-1,1.101415E-1,1.041156E-1,1.087758E-1,1.240907E-1,1.499409E-1,1.861186E-1,2.323273E-1,2.881834E-1,3.532178E-1,4.268788E-1,5.085361E-1,5.974849E-1,6.929515E-1,7.940993E-1,9.000355E-1,1.009818,1.122466,1.236964,1.352273,1.467341,1.581112,1.692533,1.800567,1.904200,2.002452,2.094389,2.179125,2.255839,2.323776,2.382261,2.430700,2.468592,2.495530,2.511208,2.515424,2.508085,2.489205,2.458910,2.417434,2.365123,2.302427,2.229903,2.148203,2.058080,1.960370,1.855994,1.745948,1.631292,1.513143,1.392666,1.271064,1.149566,1.029414,9.118589E-1,7.981411E-1,6.894848E-1,5.870842E-1,4.920933E-1,4.056147E-1,3.286897E-1,2.622877E-1,2.072977E-1,1.645187E-1,1.346525E-1,1.182960E-1,1.159353E-1,1.279402E-1,1.545601E-1,1.959204E-1,2.520205E-1,3.227329E-1,4.078027E-1,5.068496E-1,6.193690E-1,7.447366E-1,8.822120E-1,1.030945,1.189980,1.358267,1.534668,1.717964,1.906868,2.100035,2.296073,2.493553,2.691021,2.887013,3.080065,3.268725,3.451566,3.627199,3.794284,3.951538,4.097754,4.231802,4.352647,4.459351,4.551085,4.627136,4.686912,4.729945,4.755900,4.764574
0.1,35.79784,35.67789,35.32291,34.74706,33.97263,33.02811,31.94597,30.76034,29.50472,28.21015,26.90377,25.60799,24.34012,23.11248,21.93279,20.80488,19.72941,18.70467,17.72736,16.79323,15.89761,15.03585,14.20364,13.39721,12.61342,11.84988,11.10489,10.37742,9.667052,8.973907,8.298541,7.641874,7.005092,6.389574,5.796813,5.228351,4.685716,4.170374,3.683679,3.226843,2.800897,2.406673,2.044785,1.715612,1.419297,1.155738,9.245917E-1,7.252788E-1,5.569911E-1,4.187036E-1,3.091889E-1,2.270330E-1,1.706541E-1,1.383228E-1,1.281832E-1,1.382752E-1,1.665576E-1,2.109315E-1,2.692629E-1,3.394064E-1,4.192271E-1,5.066226E-1,5.995429E-1,6.960102E-1,7.941365E-1,8.921398E-1,9.883584E-1,1.081264,1.169470,1.251744,1.327010,1.394356,1.453035,1.502463,1.542223,1.572055,1.591855,1.601666,1.601671,1.592180,1.573624,1.546537,1.511550,1.469369,1.420771,1.366580,1.307659,1.244894,1.179181,1.111411,1.042456,9.731629E-1,9.043354E-1,8.367284E-1,7.710371E-1,7.078900E-1,6.478421E-1,5.913699E-1,5.388677E-1,4.906449E-1,4.469253E-1,4.078469E-1,3.734642E-1,3.437502E-1,3.186011E-1,2.978409E-1,2.812280E-1,2.684615E-1,2.591893E-1,2.530166E-1,2.495143E-1,2.482284E-1,2.486895E-1,2.504223E-1,2.529548E-1,2.558278E-1,2.586038E-1,2.608750E-1,2.622719E-1,2.624699E-1,2.611962E-1,2.582346E-1,2.534311E-1,2.466967E-1,2.380101E-1,2.274196E-1,2.150429E-1,2.010667E-1,1.857449E-1,1.693953E-1,1.523963E-1,1.351815E-1,1.182342E-1,1.020809E-1,8.728341E-2,7.443168E-2,6.413477E-2,5.701215E-2,5.368447E-2,5.476425E-2,6.084645E-2,7.249918E-2,9.025462E-2,1.146002E-1,1.459703E-1,1.847385E-1,2.312105E-1,2.856177E-1,3.481117E-1,4.187600E-1,4.975421E-1,5.843471E-1,6.789724E-1,7.811232E-1,8.904132E-1,1.006367,1.128427,1.255935,1.388184,1.524377,1.663656,1.805111,1.947780,2.090666,2.232742,2.372964,2.510281,2.643642,2.772013,2.894385,3.009783,3.117278,3.215996,3.305130,3.383943,3.451781,3.508079,3.552366,3.584268,3.603518,3.609953
0.15,40.00360,39.77344,39.09630,38.01070,36.57574,34.86459,32.95697,30.93197,28.86201,26.80863,24.82026,22.93171,21.16504,19.53138,18.03310,16.66613,15.42207,14.28994,13.25762,12.31285,11.44395,10.64027,9.892375,9.192177,8.532904,7.909023,7.316128,6.750814,6.210537,5.693491,5.198483,4.724823,4.272222,3.840701,3.430515,3.042080,2.675914,2.332580,2.012643,1.716627,1.444983,1.198061,9.760853E-1,7.791382E-1,6.071448E-1,4.598643E-1,3.368849E-1,2.376219E-1,1.613199E-1,1.070576E-1,7.375602E-2,6.018875E-2,6.499505E-2,8.669454E-2,1.237036E-1,1.743533E-1,2.369080E-1,3.095850E-1,3.905743E-1,4.780587E-1,5.702334E-1,6.653255E-1,7.616128E-1,8.574410E-1,9.512403E-1,1.041541,1.126986,1.206345,1.278522,1.342565,1.397672,1.443195,1.478645,1.503689,1.518150,1.522003,1.515373,1.498522,1.471847,1.435868,1.391216,1.338620,1.278900,1.212944,1.141703,1.066170,9.873686E-1,9.063372E-1,8.241144E-1,7.417255E-1,6.601687E-1,5.804025E-1,5.033335E-1,4.298062E-1,3.605922E-1,2.963827E-1,2.377806E-1,1.852948E-1,1.393356E-1,1.002120E-1,6.812980E-2,4.319131E-2,2.539701E-2,1.464785E-2,1.074923E-2,1.341610E-2,2.227924E-2,3.689249E-2,5.674096E-2,8.124998E-2,1.097947E-1,1.417101E-1,1.763019E-1,2.128566E-1,2.506526E-1,2.889712E-1,3.271066E-1,3.643760E-1,4.001297E-1,4.337598E-1,4.647085E-1,4.924758E-1,5.166260E-1,5.367930E-1,5.526854E-1,5.640891E-1,5.708707E-1,5.729777E-1,5.704390E-1,5.633634E-1,5.519375E-1,5.364227E-1,5.171500E-1,4.945153E-1,4.689731E-1,4.410295E-1,4.112343E-1,3.801732E-1,3.484585E-1,3.167207E-1,2.855987E-1,2.557309E-1,2.277455E-1,2.022515E-1,1.798302E-1,1.610258E-1,1.463384E-1,1.362163E-1,1.310490E-1,1.311621E-1,1.368115E-1,1.481800E-1,1.653742E-1,1.884219E-1,2.172720E-1,2.517936E-1,2.917785E-1,3.369416E-1,3.869256E-1,4.413044E-1,4.995886E-1,5.612310E-1,6.256334E-1,6.921543E-1,7.601163E-1,8.288150E-1,8.975274E-1,9.655214E-1,1.032064,1.096433,1.157921,1.215852,1.269582,1.318511,1.362094,1.399838,1.431320,1.456183,1.474146,1.485007,1.488640
0.2,47.93372,47.56230,46.47487,44.74789,42.49624,39.85765,36.97590,33.98614,31.00412,28.12048,25.39931,22.88014,20.58194,18.50795,16.65035,14.99436,13.52149,12.21190,11.04596,10.00524,9.073052,8.234621,7.477138,6.789633,6.162821,5.588907,5.061401,4.574936,4.125105,3.708316,3.321659,2.962801,2.629878,2.321419,2.036263,1.773494,1.532388,1.312356,1.112906,9.335974E-1,7.740163E-1,6.337419E-1,5.123253E-1,4.092710E-1,3.240221E-1,2.559495E-1,2.043446E-1,1.684153E-1,1.472855E-1,1.399966E-1,1.455120E-1,1.627235E-1,1.904598E-1,2.274962E-1,2.725663E-1,3.243740E-1,3.816070E-1,4.429496E-1,5.070973E-1,5.727699E-1,6.387257E-1,7.037738E-1,7.667865E-1,8.267116E-1,8.825817E-1,9.335244E-1,9.787697E-1,1.017657,1.049641,1.074293,1.091306,1.100494,1.101789,1.095244,1.081025,1.059405,1.030760,9.955628E-1,9.543700E-1,9.078156E-1,8.565994E-1,8.014765E-1,7.432455E-1,6.827368E-1,6.208003E-1,5.582936E-1,4.960703E-1,4.349673E-1,3.757952E-1,3.193261E-1,2.662846E-1,2.173380E-1,1.730887E-1,1.340660E-1,1.007208E-1,7.341992E-2,5.244259E-2,3.797756E-2,3.012177E-2,2.888016E-2,3.416670E-2,4.580663E-2,6.353983E-2,8.702530E-2,1.158466E-1,1.495184E-1,1.874936E-1,2.291713E-1,2.739058E-1,3.210152E-1,3.697912E-1,4.195092E-1,4.694375E-1,5.188479E-1,5.670251E-1,6.132762E-1,6.569402E-1,6.973964E-1,7.340726E-1,7.664524E-1,7.940820E-1,8.165756E-1,8.336205E-1,8.449809E-1,8.505006E-1,8.501049E-1,8.438012E-1,8.316776E-1,8.139042E-1,7.907274E-1,7.624680E-1,7.295175E-1,6.923305E-1,6.514204E-1,6.073522E-1,5.607343E-1,5.122112E-1,4.624545E-1,4.121542E-1,3.620096E-1,3.127203E-1,2.649769E-1,2.194520E-1,1.767917E-1,1.376067E-1,1.024648E-1,7.188344E-2,4.632281E-2,2.618002E-2,1.178386E-2,3.390484E-3,1.180072E-3,5.254390E-3,1.563539E-2,3.226477E-2,5.500462E-2,8.363900E-2,1.178766E-1,1.573541E-1,2.016410E-1,2.502444E-1,3.026157E-1,3.581565E-1,4.162270E-1,4.761532E-1,5.372355E-1,5.987575E-1,6.599944E-1,7.202228E-1,7.787286E-1,8.348169E-1,8.878200E-1,9.371057E-1,9.820854E-1,1.022221,1.057032,1.086102,1.109082,1.125696,1.135745,1.139108
0.25,54.52203,54.00520,52.49939,50.13045,47.08348,43.57316,39.81402,35.99673,32.27350,28.75308,25.50299,22.55626,19.91991,17.58330,15.52511,13.71873,12.13590,10.74909,9.532757,8.463976,7.522607,6.691200,5.954769,5.300524,4.717584,4.196720,3.730114,3.311154,2.934254,2.594702,2.288530,2.012396,1.763489,1.539442,1.338257,1.158243,9.979514E-1,8.561344E-1,7.316955E-1,6.236542E-1,5.311137E-1,4.532332E-1,3.892055E-1,3.382384E-1,2.995402E-1,2.723089E-1,2.557242E-1,2.489429E-1,2.510968E-1,2.612926E-1,2.786141E-1,3.021265E-1,3.308814E-1,3.639234E-1,4.002979E-1,4.390589E-1,4.792776E-1,5.200514E-1,5.605125E-1,5.998366E-1,6.372509E-1,6.720421E-1,7.035633E-1,7.312396E-1,7.545745E-1,7.731534E-1,7.866476E-1,7.948157E-1,7.975052E-1,7.946524E-1,7.862812E-1,7.725013E-1,7.535040E-1,7.295590E-1,7.010081E-1,6.682601E-1,6.317836E-1,5.920989E-1,5.497712E-1,5.054009E-1,4.596153E-1,4.130593E-1,3.663865E-1,3.202497E-1,2.752920E-1,2.321379E-1,1.913849E-1,1.535957E-1,1.192902E-1,8.893945E-2,6.295893E-2,4.170353E-2,2.546309E-2,1.445882E-2,8.840656E-3,8.685633E-3,1.399716E-2,2.470530E-2,4.066802E-2,6.167330E-2,8.744222E-2,1.176329E-1,1.518451E-1,1.896258E-1,2.304753E-1,2.738536E-1,3.191879E-1,3.658801E-1,4.133146E-1,4.608663E-1,5.079088E-1,5.538227E-1,5.980032E-1,6.398687E-1,6.788677E-1,7.144860E-1,7.462537E-1,7.737510E-1,7.966138E-1,8.145385E-1,8.272856E-1,8.346835E-1,8.366305E-1,8.330961E-1,8.241218E-1,8.098211E-1,7.903788E-1,7.660435E-1,7.371362E-1,7.040351E-1,6.671765E-1,6.270490E-1,5.841872E-1,5.391653E-1,4.925904E-1,4.450949E-1,3.973291E-1,3.499529E-1,3.036281E-1,2.590102E-1,2.167405E-1,1.774378E-1,1.416913E-1,1.100529E-1,8.303042E-2,6.108153E-2,4.460754E-2,3.394848E-2,2.937866E-2,3.110294E-2,3.925398E-2,5.389018E-2,7.499454E-2,1.024744E-1,1.361622E-1,1.758167E-1,2.211256E-1,2.717088E-1,3.271222E-1,3.868625E-1,4.503728E-1,5.170489E-1,5.862452E-1,6.572826E-1,7.294559E-1,8.020413E-1,8.743053E-1,9.455118E-1,1.014932,1.081850,1.145575,1.205443,1.260833,1.311163,1.355908,1.394598,1.426824,1.452249,1.470604,1.481695,1.485405
0.3,59.57978,58.91723,56.99632,54.00309,50.20513,45.90274,41.38293,36.88646,32.59182,28.61392,25.01279,21.80669,18.98557,16.52258,14.38261,12.52816,10.92274,9.532762,8.328337,7.283365,6.375346,5.585017,4.895936,4.294099,3.767575,3.306201,2.901324,2.545568,2.232657,1.957247,1.714794,1.501431,1.313872,1.149319,1.005387,8.800329E-1,7.715005E-1,6.782663E-1,5.989967E-1,5.325089E-1,4.777384E-1,4.337127E-1,3.995277E-1,3.743300E-1,3.573021E-1,3.476514E-1,3.446022E-1,3.473904E-1,3.552602E-1,3.674635E-1,3.832604E-1,4.019213E-1,4.227299E-1,4.449877E-1,4.680185E-1,4.911732E-1,5.138357E-1,5.354277E-1,5.554141E-1,5.733077E-1,5.886739E-1,6.011345E-1,6.103711E-1,6.161271E-1,6.182105E-1,6.164945E-1,6.109177E-1,6.014837E-1,5.882603E-1,5.713740E-1,5.510142E-1,5.274224E-1,5.008915E-1,4.717601E-1,4.404072E-1,4.072463E-1,3.727196E-1,3.372903E-1,3.014372E-1,2.656468E-1,2.304071E-1,1.962006E-1,1.634972E-1,1.327482E-1,1.043800E-1,7.878814E-2,5.633245E-2,3.733172E-2,2.205966E-2,1.074154E-2,3.550604E-3,6.064217E-4,1.972992E-3,7.657983E-3,1.761263E-2,3.173235E-2,4.985808E-2,7.177832E-2,9.723184E-2,1.259110E-1,1.574657E-1,1.915078E-1,2.276160E-1,2.653412E-1,3.042126E-1,3.437429E-1,3.834351E-1,4.227886E-1,4.613055E-1,4.984971E-1,5.338902E-1,5.670326E-1,5.974998E-1,6.248997E-1,6.488781E-1,6.691234E-1,6.853707E-1,6.974051E-1,7.050653E-1,7.082455E-1,7.068975E-1,7.010313E-1,6.907159E-1,6.760788E-1,6.573047E-1,6.346344E-1,6.083613E-1,5.788305E-1,5.464319E-1,5.115991E-1,4.748030E-1,4.365470E-1,3.973614E-1,3.577976E-1,3.184215E-1,2.798075E-1,2.425316E-1,2.071648E-1,1.742666E-1,1.443785E-1,1.180175E-1,9.566989E-2,7.778552E-2,6.477236E-2,5.699139E-2,5.475207E-2,5.830829E-2,6.785497E-2,8.352529E-2,1.053885E-1,1.334485E-1,1.676432E-1,2.078441E-1,2.538574E-1,3.054254E-1,3.622282E-1,4.238869E-1,4.899666E-1,5.599810E-1,6.333965E-1,7.096375E-1,7.880923E-1,8.681186E-1,9.490503E-1,1.030204,1.110886,1.190399,1.268049,1.343154,1.415048,1.483090,1.546671,1.605218,1.658202,1.705141,1.745610,1.779238,1.805718,1.824807,1.836331,1.840185
0.35,63.62408,62.81496,60.48070,56.87792,52.36772,47.34211,42.15939,37.10291,32.36670,28.06137,24.23142,20.87551,17.96457,15.45567,13.30122,11.45451,9.872528,8.517166,7.355334,6.358667,5.502992,4.767757,4.135497,3.591361,3.122710,2.718783,2.370419,2.069811,1.810321,1.586302,1.392957,1.226214,1.082619,9.592363E-1,8.535748E-1,7.635102E-1,6.872261E-1,6.231595E-1,5.699557E-1,5.264292E-1,4.915303E-1,4.643184E-1,4.439382E-1,4.296028E-1,4.205784E-1,4.161732E-1,4.157296E-1,4.186183E-1,4.242345E-1,4.319964E-1,4.413448E-1,4.517439E-1,4.626826E-1,4.736774E-1,4.842748E-1,4.940544E-1,5.026317E-1,5.096616E-1,5.148405E-1,5.179091E-1,5.186541E-1,5.169104E-1,5.125611E-1,5.055386E-1,4.958243E-1,4.834479E-1,4.684858E-1,4.510594E-1,4.313323E-1,4.095077E-1,3.858245E-1,3.605539E-1,3.339945E-1,3.064681E-1,2.783147E-1,2.498873E-1,2.215480E-1,1.936600E-1,1.665854E-1,1.406784E-1,1.162808E-1,9.371748E-2,7.329128E-2,5.527939E-2,3.992937E-2,2.745573E-2,1.803701E-2,1.181335E-2,8.884548E-3,9.308636E-3,1.310101E-2,2.023415E-2,3.063775E-2,4.419968E-2,6.076712E-2,8.014848E-2,1.021157E-1,1.264071E-1,1.527302E-1,1.807661E-1,2.101723E-1,2.405881E-1,2.716382E-1,3.029375E-1,3.340961E-1,3.647241E-1,3.944364E-1,4.228575E-1,4.496264E-1,4.744007E-1,4.968618E-1,5.167185E-1,5.337106E-1,5.476129E-1,5.582380E-1,5.654393E-1,5.691126E-1,5.691982E-1,5.656823E-1,5.585976E-1,5.480231E-1,5.340842E-1,5.169517E-1,4.968403E-1,4.740068E-1,4.487477E-1,4.213965E-1,3.923197E-1,3.619141E-1,3.306023E-1,2.988279E-1,2.670516E-1,2.357459E-1,2.053900E-1,1.764649E-1,1.494481E-1,1.248080E-1,1.029992E-1,8.445724E-2,6.959352E-2,5.879067E-2,5.239813E-2,5.072788E-2,5.405072E-2,6.259278E-2,7.653257E-2,9.599846E-2,1.210666E-1,1.517595E-1,1.880450E-1,2.298356E-1,2.769892E-1,3.293090E-1,3.865452E-1,4.483968E-1,5.145135E-1,5.844989E-1,6.579135E-1,7.342785E-1,8.130800E-1,8.937734E-1,9.757880E-1,1.058533,1.141401,1.223776,1.305037,1.384565,1.461747,1.535984,1.606694,1.673321,1.735337,1.792247,1.843595,1.888969,1.928003,1.960382,1.985842,2.004177,2.015238,2.018935
0.4,67.03892,66.08165,63.33359,59.13212,53.94171,48.25025,42.48397,36.96036,31.87892,27.33751,23.35975,19.92243,16.97754,14.46739,12.33368,10.52225,8.985066,7.680579,6.573349,5.633336,4.835127,4.157225,3.581425,3.092290,2.676723,2.323601,2.023502,1.768419,1.551582,1.367266,1.210634,1.077611,9.647636E-1,8.692002E-1,7.884862E-1,7.205671E-1,6.637051E-1,6.164232E-1,5.774590E-1,5.457238E-1,5.202702E-1,5.002645E-1,4.849642E-1,4.737000E-1,4.658616E-1,4.608865E-1,4.582524E-1,4.574708E-1,4.580837E-1,4.596609E-1,4.617992E-1,4.641223E-1,4.662817E-1,4.679573E-1,4.688596E-1,4.687307E-1,4.673461E-1,4.645161E-1,4.600870E-1,4.539420E-1,4.460017E-1,4.362241E-1,4.246046E-1,4.111750E-1,3.960022E-1,3.791867E-1,3.608608E-1,3.411856E-1,3.203487E-1,2.985604E-1,2.760513E-1,2.530679E-1,2.298691E-1,2.067222E-1,1.838988E-1,1.616709E-1,1.403086E-1,1.200718E-1,1.012112E-1,8.396246E-2,6.854319E-2,5.514990E-2,4.395525E-2,3.510566E-2,2.871919E-2,2.488384E-2,2.365626E-2,2.506083E-2,2.908926E-2,3.570044E-2,4.482091E-2,5.634557E-2,7.013888E-2,8.603642E-2,1.038468E-1,1.233540E-1,1.443197E-1,1.664866E-1,1.895810E-1,2.133164E-1,2.373967E-1,2.615204E-1,2.853834E-1,3.086834E-1,3.311235E-1,3.524156E-1,3.722842E-1,3.904700E-1,4.067329E-1,4.208553E-1,4.326451E-1,4.419379E-1,4.485996E-1,4.525283E-1,4.536561E-1,4.519501E-1,4.474132E-1,4.400850E-1,4.300418E-1,4.173959E-1,4.022952E-1,3.849222E-1,3.654922E-1,3.442519E-1,3.214767E-1,2.974685E-1,2.725526E-1,2.470750E-1,2.213987E-1,1.959000E-1,1.709653E-1,1.469867E-1,1.243581E-1,1.034715E-1,8.471222E-2,6.845573E-2,5.506300E-2,4.487682E-2,3.821810E-2,3.538221E-2,3.663571E-2,4.221316E-2,5.231431E-2,6.710164E-2,8.669810E-2,1.111854E-1,1.406022E-1,1.749438E-1,2.141606E-1,2.581586E-1,3.067991E-1,3.598995E-1,4.172344E-1,4.785367E-1,5.435003E-1,6.117808E-1,6.829993E-1,7.567450E-1,8.325783E-1,9.100341E-1,9.886261E-1,1.067850,1.147189,1.226117,1.304101,1.380611,1.455119,1.527108,1.596072,1.661522,1.722994,1.780047,1.832269,1.879284,1.920749,1.956362,1.985864,2.009037,2.025713,2.035767,2.039127
0.45,70.04814,68.94069,65.77710,60.98544,55.14236,48.83400,42.54987,36.63270,31.27851,26.56594,22.49450,19.01864,16.07252,13.58543,11.49014,9.726571,8.242751,6.994525,5.944657,5.061825,4.319677,3.696010,3.172093,2.732103,2.362676,2.052524,1.792122,1.573452,1.389770,1.235420,1.105668,9.965572E-1,9.047912E-1,8.276224E-1,7.627631E-1,7.083080E-1,6.626663E-1,6.245056E-1,5.927039E-1,5.663105E-1,5.445121E-1,5.266059E-1,5.119784E-1,5.000867E-1,4.904460E-1,4.826184E-1,4.762055E-1,4.708423E-1,4.661939E-1,4.619527E-1,4.578373E-1,4.535920E-1,4.489866E-1,4.438174E-1,4.379074E-1,4.311070E-1,4.232948E-1,4.143784E-1,4.042941E-1,3.930074E-1,3.805123E-1,3.668308E-1,3.520122E-1,3.361315E-1,3.192878E-1,3.016023E-1,2.832163E-1,2.642887E-1,2.449933E-1,2.255156E-1,2.060505E-1,1.867989E-1,1.679644E-1,1.497506E-1,1.323577E-1,1.159797E-1,1.008014E-1,8.699598E-2,7.472178E-2,6.412087E-2,5.531630E-2,4.841049E-2,4.348376E-2,4.059300E-2,3.977082E-2,4.102489E-2,4.433769E-2,4.966656E-2,5.694406E-2,6.607869E-2,7.695583E-2,8.943903E-2,1.033716E-1,1.185783E-1,1.348677E-1,1.520339E-1,1.698594E-1,1.881177E-1,2.065754E-1,2.249957E-1,2.431409E-1,2.607754E-1,2.776682E-1,2.935963E-1,3.083470E-1,3.217207E-1,3.335337E-1,3.436199E-1,3.518337E-1,3.580515E-1,3.621738E-1,3.641263E-1,3.638615E-1,3.613595E-1,3.566287E-1,3.497060E-1,3.406573E-1,3.295769E-1,3.165869E-1,3.018367E-1,2.855018E-1,2.677820E-1,2.489004E-1,2.291009E-1,2.086463E-1,1.878159E-1,1.669029E-1,1.462118E-1,1.260553E-1,1.067515E-1,8.862079E-2,7.198278E-2,5.715301E-2,4.443990E-2,3.414158E-2,2.654297E-2,2.191265E-2,2.050014E-2,2.253315E-2,2.821510E-2,3.772277E-2,5.120423E-2,6.877696E-2,9.052628E-2,1.165040E-1,1.467273E-1,1.811783E-1,2.198031E-1,2.625122E-1,3.091803E-1,3.596473E-1,4.137183E-1,4.711656E-1,5.317296E-1,5.951205E-1,6.610208E-1,7.290870E-1,7.989520E-1,8.702282E-1,9.425104E-1,1.015378,1.088401,1.161137,1.233143,1.303972,1.373181,1.440330,1.504991,1.566747,1.625197,1.679958,1.730670,1.776999,1.818636,1.855305,1.886759,1.912788,1.933217,1.947908,1.956763,1.959721
0.5,72.77893,71.51909,67.93765,62.56306,56.09193,49.20965,42.46320,36.21190,30.64051,25.80374,21.67542,18.18824,15.26008,12.80904,10.76052,9.049678,7.621474,6.429701,5.435710,4.607177,3.917024,3.342532,2.864612,2.467220,2.136875,1.862264,1.633911,1.443895,1.285615,1.153584,1.043253,9.508647E-1,8.733186E-1,8.080647E-1,7.530067E-1,7.064221E-1,6.668937E-1,6.332533E-1,6.045334E-1,5.799278E-1,5.587592E-1,5.404533E-1,5.245177E-1,5.105249E-1,4.981001E-1,4.869109E-1,4.766604E-1,4.670819E-1,4.579351E-1,4.490042E-1,4.400962E-1,4.310404E-1,4.216881E-1,4.119127E-1,4.016098E-1,3.906976E-1,3.791170E-1,3.668313E-1,3.538262E-1,3.401096E-1,3.257102E-1,3.106771E-1,2.950783E-1,2.789997E-1,2.625424E-1,2.458217E-1,2.289648E-1,2.121084E-1,1.953965E-1,1.789781E-1,1.630044E-1,1.476270E-1,1.329947E-1,1.192519E-1,1.065357E-1,9.497443E-2,8.468501E-2,7.577154E-2,6.832355E-2,6.241648E-2,5.810125E-2,5.542168E-2,5.439546E-2,5.502285E-2,5.728465E-2,6.114226E-2,6.653800E-2,7.339561E-2,8.162108E-2,9.110367E-2,1.017171E-1,1.133210E-1,1.257624E-1,1.388777E-1,1.524943E-1,1.664327E-1,1.805088E-1,1.945358E-1,2.083263E-1,2.216949E-1,2.344603E-1,2.464473E-1,2.574890E-1,2.674289E-1,2.761232E-1,2.834418E-1,2.892708E-1,2.935138E-1,2.960929E-1,2.969507E-1,2.960501E-1,2.933762E-1,2.889363E-1,2.827602E-1,2.749003E-1,2.654318E-1,2.544517E-1,2.420789E-1,2.284528E-1,2.137326E-1,1.980960E-1,1.817375E-1,1.648671E-1,1.477085E-1,1.304970E-1,1.134772E-1,9.690144E-2,8.102699E-2,6.611393E-2,5.242259E-2,4.021125E-2,2.973359E-2,2.123633E-2,1.495683E-2,1.112058E-2,9.939235E-3,1.160821E-2,1.630474E-2,2.418595E-2,3.538710E-2,5.002004E-2,6.817177E-2,8.990330E-2,1.152486E-1,1.442140E-1,1.767772E-1,2.128878E-1,2.524662E-1,2.954047E-1,3.415672E-1,3.907904E-1,4.428842E-1,4.976333E-1,5.547978E-1,6.141153E-1,6.753028E-1,7.380578E-1,8.020611E-1,8.669951E-1,9.324633E-1,9.981592E-1,1.063702,1.128723,1.192851,1.255717,1.316951,1.376195,1.433094,1.487309,1.538510,1.586388,1.630650,1.671024,1.707260,1.739134,1.766449,1.789035,1.806749,1.819482,1.827154,1.829717
0.55,75.30590,73.89136,69.88956,63.93869,56.86221,49.44441,42.28341,35.74673,30.00142,25.07501,20.91524,17.43419,14.53523,12.12689,10.12850,8.471371,7.097995,5.960512,5.019136,4.240744,3.597706,3.066934,2.629125,2.268144,1.970519,1.725023,1.522326,1.354696,1.215748,1.100224,1.003816,9.230000E-1,8.549066E-1,7.972046E-1,7.480031E-1,7.057709E-1,6.692678E-1,6.374877E-1,6.096107E-1,5.849659E-1,5.629997E-1,5.432507E-1,5.253301E-1,5.089064E-1,4.936935E-1,4.794418E-1,4.659319E-1,4.529696E-1,4.403832E-1,4.280211E-1,4.157508E-1,4.034579E-1,3.910460E-1,3.784368E-1,3.655697E-1,3.524017E-1,3.389077E-1,3.250795E-1,3.109262E-1,2.964728E-1,2.817596E-1,2.668412E-1,2.517847E-1,2.366697E-1,2.215844E-1,2.066259E-1,1.918977E-1,1.775074E-1,1.635656E-1,1.501833E-1,1.374701E-1,1.255326E-1,1.144724E-1,1.043846E-1,9.535568E-2,8.746278E-2,8.077181E-2,7.533656E-2,7.119774E-2,6.838213E-2,6.690205E-2,6.675496E-2,6.792328E-2,7.037441E-2,7.406095E-2,7.892110E-2,8.487928E-2,9.184685E-2,9.972308E-2,1.083962E-1,1.177449E-1,1.276390E-1,1.379418E-1,1.485108E-1,1.592002E-1,1.698615E-1,1.803464E-1,1.905074E-1,2.002005E-1,2.092863E-1,2.176317E-1,2.251119E-1,2.316117E-1,2.370267E-1,2.412651E-1,2.442486E-1,2.459138E-1,2.462127E-1,2.451140E-1,2.426033E-1,2.386839E-1,2.333768E-1,2.267212E-1,2.187740E-1,2.096101E-1,1.993212E-1,1.880162E-1,1.758196E-1,1.628711E-1,1.493244E-1,1.353458E-1,1.211132E-1,1.068143E-1,9.264531E-2,7.880912E-2,6.551354E-2,5.296960E-2,4.138954E-2,3.098514E-2,2.196552E-2,1.453545E-2,8.893339E-3,5.229454E-3,3.724028E-3,4.545561E-3,7.849139E-3,1.377485E-2,2.244634E-2,3.396946E-2,4.843102E-2,6.589778E-2,8.641552E-2,1.100082E-1,1.366776E-1,1.664026E-1,1.991391E-1,2.348201E-1,2.733556E-1,3.146330E-1,3.585175E-1,4.048530E-1,4.534628E-1,5.041505E-1,5.567011E-1,6.108826E-1,6.664476E-1,7.231340E-1,7.806675E-1,8.387634E-1,8.971281E-1,9.554612E-1,1.013458,1.070809,1.127209,1.182349,1.235926,1.287644,1.337213,1.384355,1.428800,1.470297,1.508606,1.543507,1.574797,1.602296,1.625842,1.645298,1.660551,1.671510,1.678111,1.680316
0.6,77.67490,76.10337,71.67870,65.15793,57.49737,49.57889,42.04489,35.26334,29.37831,24.38809,20.21468,16.75105,13.88777,11.52522,9.577681,7.973326,6.652600,5.566288,4.673671,3.940989,3.340196,2.847967,2.444901,2.114882,1.844544,1.622830,1.440630,1.290459,1.166195,1.062849,9.763753E-1,9.035047E-1,8.416068E-1,7.885716E-1,7.427124E-1,7.026827E-1,6.674084E-1,6.360319E-1,6.078663E-1,5.823587E-1,5.590600E-1,5.376025E-1,5.176809E-1,4.990384E-1,4.814565E-1,4.647465E-1,4.487447E-1,4.333088E-1,4.183101E-1,4.036429E-1,3.892119E-1,3.749378E-1,3.607556E-1,3.466145E-1,3.324773E-1,3.183211E-1,3.041362E-1,2.899260E-1,2.757067E-1,2.615060E-1,2.473626E-1,2.333248E-1,2.194493E-1,2.058018E-1,1.924513E-1,1.794727E-1,1.669422E-1,1.549437E-1,1.435510E-1,1.328428E-1,1.228932E-1,1.137716E-1,1.055416E-1,9.825995E-2,9.197507E-2,8.672642E-2,8.254356E-2,7.944551E-2,7.744029E-2,7.652447E-2,7.668306E-2,7.788946E-2,8.010555E-2,8.328200E-2,8.735868E-2,9.226526E-2,9.792188E-2,1.042399E-1,1.111230E-1,1.184681E-1,1.261665E-1,1.341050E-1,1.421673E-1,1.502351E-1,1.581900E-1,1.659139E-1,1.732910E-1,1.802092E-1,1.865613E-1,1.922458E-1,1.971687E-1,2.012447E-1,2.043978E-1,2.065627E-1,2.076855E-1,2.077244E-1,2.066507E-1,2.044490E-1,2.011179E-1,1.966700E-1,1.911323E-1,1.845462E-1,1.769672E-1,1.684646E-1,1.591216E-1,1.490342E-1,1.383109E-1,1.270716E-1,1.154472E-1,1.035783E-1,9.161385E-2,7.971061E-2,6.803137E-2,5.674377E-2,4.601890E-2,3.602993E-2,2.695056E-2,1.895352E-2,1.220910E-2,6.883656E-3,3.138067E-3,1.126320E-3,9.940755E-4,2.877301E-3,6.900958E-3,1.317778E-2,2.180711E-2,3.287385E-2,4.644753E-2,6.258144E-2,8.131193E-2,1.026578E-1,1.266197E-1,1.531802E-1,1.823030E-1,2.139333E-1,2.479980E-1,2.844052E-1,3.230454E-1,3.637916E-1,4.064997E-1,4.510097E-1,4.971466E-1,5.447206E-1,5.935294E-1,6.433587E-1,6.939833E-1,7.451691E-1,7.966743E-1,8.482508E-1,8.996459E-1,9.506039E-1,1.000868,1.050182,1.098291,1.144944,1.189896,1.232909,1.273753,1.312209,1.348068,1.381136,1.411232,1.438191,1.461865,1.482123,1.498854,1.511964,1.521381,1.527052,1.528946
0.65,79.91550,78.18473,73.33481,66.25049,58.02607,49.63877,41.76821,34.77584,28.77842,23.74395,19.56956,16.13072,13.30672,10.99104,9.093713,7.540277,6.269472,5.230938,4.383186,3.691951,3.128893,2.670556,2.297544,1.993844,1.746274,1.544011,1.378215,1.241686,1.128594,1.034236,9.548398E-1,8.873912E-1,8.294958E-1,7.792575E-1,7.351807E-1,6.960896E-1,6.610588E-1,6.293615E-1,6.004244E-1,5.737927E-1,5.491028E-1,5.260605E-1,5.044242E-1,4.839929E-1,4.645964E-1,4.460889E-1,4.283443E-1,4.112521E-1,3.947165E-1,3.786543E-1,3.629940E-1,3.476761E-1,3.326520E-1,3.178844E-1,3.033470E-1,2.890243E-1,2.749109E-1,2.610117E-1,2.473406E-1,2.339202E-1,2.207812E-1,2.079606E-1,1.955009E-1,1.834499E-1,1.718580E-1,1.607783E-1,1.502645E-1,1.403697E-1,1.311459E-1,1.226423E-1,1.149041E-1,1.079717E-1,1.018802E-1,9.665754E-2,9.232493E-2,8.889550E-2,8.637413E-2,8.475707E-2,8.403160E-2,8.417626E-2,8.516055E-2,8.694529E-2,8.948280E-2,9.271736E-2,9.658572E-2,1.010177E-1,1.059368E-1,1.112612E-1,1.169042E-1,1.227756E-1,1.287824E-1,1.348300E-1,1.408230E-1,1.466659E-1,1.522657E-1,1.575308E-1,1.623736E-1,1.667111E-1,1.704656E-1,1.735660E-1,1.759483E-1,1.775567E-1,1.783444E-1,1.782739E-1,1.773179E-1,1.754598E-1,1.726936E-1,1.690249E-1,1.644703E-1,1.590583E-1,1.528285E-1,1.458321E-1,1.381312E-1,1.297985E-1,1.209174E-1,1.115805E-1,1.018898E-1,9.195553E-2,8.189565E-2,7.183459E-2,6.190256E-2,5.223448E-2,4.296893E-2,3.424695E-2,2.621100E-2,1.900375E-2,1.276690E-2,7.639952E-3,3.759072E-3,1.255873E-3,2.562716E-4,8.793632E-4,3.236329E-3,7.429406E-3,1.355090E-2,2.168226E-2,3.189326E-2,4.424123E-2,5.877033E-2,7.551102E-2,9.447957E-2,1.156776E-1,1.390918E-1,1.646940E-1,1.924405E-1,2.222728E-1,2.541172E-1,2.878856E-1,3.234751E-1,3.607692E-1,3.996380E-1,4.399372E-1,4.815176E-1,5.242083E-1,5.678355E-1,6.122144E-1,6.571522E-1,7.024494E-1,7.479006E-1,7.932960E-1,8.384227E-1,8.830660E-1,9.270108E-1,9.700428E-1,1.011950,1.052523,1.091559,1.128860,1.164237,1.197507,1.228499,1.257052,1.283018,1.306262,1.326660,1.344106,1.358507,1.369789,1.377890,1.382768,1.384396
0.7,82.04767,80.15548,74.87816,67.23669,58.46778,49.64102,41.46620,34.29181,28.20410,23.14038,18.97411,15.56485,12.78203,10.51316,8.664720,7.159982,5.936232,4.942136,4.135563,3.481863,2.952503,2.523991,2.177018,1.895746,1.667235,1.480941,1.328330,1.202510,1.097955,1.010253,9.359043E-1,8.721427E-1,8.167979E-1,7.681730E-1,7.249471E-1,6.860949E-1,6.508221E-1,6.185127E-1,5.886872E-1,5.609700E-1,5.350641E-1,5.107308E-1,4.877753E-1,4.660358E-1,4.453752E-1,4.256754E-1,4.068337E-1,3.887598E-1,3.713746E-1,3.546089E-1,3.384030E-1,3.227064E-1,3.074775E-1,2.926838E-1,2.783012E-1,2.643073E-1,2.507166E-1,2.375075E-1,2.246950E-1,2.122929E-1,2.003208E-1,1.888028E-1,1.777671E-1,1.672446E-1,1.572679E-1,1.478705E-1,1.390859E-1,1.309461E-1,1.234812E-1,1.167184E-1,1.106810E-1,1.053880E-1,1.008533E-1,9.708486E-2,9.408492E-2,9.184912E-2,9.036645E-2,8.961912E-2,8.958250E-2,9.022521E-2,9.150929E-2,9.339043E-2,9.581835E-2,9.873721E-2,1.020862E-1,1.057998E-1,1.098091E-1,1.140416E-1,1.184227E-1,1.228762E-1,1.273247E-1,1.316912E-1,1.358995E-1,1.398748E-1,1.435450E-1,1.468412E-1,1.496987E-1,1.520574E-1,1.538629E-1,1.550670E-1,1.556283E-1,1.555127E-1,1.546940E-1,1.531544E-1,1.508845E-1,1.478841E-1,1.441617E-1,1.397354E-1,1.346323E-1,1.288889E-1,1.225504E-1,1.156713E-1,1.083142E-1,1.005502E-1,9.245800E-2,8.412343E-2,7.563908E-2,6.710321E-2,5.861973E-2,5.029675E-2,4.224612E-2,3.458253E-2,2.742262E-2,2.088398E-2,1.508435E-2,1.014059E-2,6.167757E-3,3.278151E-3,1.580359E-3,1.178343E-3,2.170537E-3,4.648965E-3,8.698416E-3,1.439566E-2,2.180866E-2,3.099595E-2,4.200598E-2,5.487653E-2,6.963424E-2,8.629422E-2,1.048597E-1,1.253217E-1,1.476591E-1,1.718380E-1,1.978125E-1,2.255241E-1,2.549022E-1,2.858645E-1,3.183167E-1,3.521537E-1,3.872598E-1,4.235089E-1,4.607657E-1,4.988862E-1,5.377186E-1,5.771039E-1,6.168767E-1,6.568668E-1,6.968997E-1,7.367974E-1,7.763799E-1,8.154662E-1,8.538753E-1,8.914275E-1,9.279446E-1,9.632519E-1,9.971798E-1,1.029563,1.060244,1.089071,1.115901,1.140601,1.163049,1.183130,1.200744,1.215802,1.228228,1.237958,1.244945,1.249150,1.250555
0.75,84.08555,82.02984,76.32321,68.13114,58.83638,49.59736,41.14700,33.81519,27.65524,22.57393,18.42239,15.04584,12.30502,10.08232,8.281132,6.822782,5.643288,4.690483,3.921712,3.302037,2.802823,2.400625,2.076287,1.814207,1.601727,1.428618,1.286669,1.169310,1.071322,9.885813E-1,9.178487E-1,8.565956E-1,8.028591E-1,7.551232E-1,7.122225E-1,6.732640E-1,6.375636E-1,6.045973E-1,5.739615E-1,5.453422E-1,5.184923E-1,4.932138E-1,4.693442E-1,4.467476E-1,4.253077E-1,4.049230E-1,3.855039E-1,3.669704E-1,3.492515E-1,3.322839E-1,3.160120E-1,3.003879E-1,2.853708E-1,2.709274E-1,2.570318E-1,2.436647E-1,2.308136E-1,2.184719E-1,2.066388E-1,1.953186E-1,1.845194E-1,1.742535E-1,1.645343E-1,1.553792E-1,1.468050E-1,1.388295E-1,1.314693E-1,1.247398E-1,1.186545E-1,1.132241E-1,1.084556E-1,1.043526E-1,1.009142E-1,9.813512E-2,9.600491E-2,9.450824E-2,9.362462E-2,9.332839E-2,9.358882E-2,9.437026E-2,9.563236E-2,9.733035E-2,9.941540E-2,1.018351E-1,1.045338E-1,1.074533E-1,1.105332E-1,1.137116E-1,1.169260E-1,1.201132E-1,1.232107E-1,1.261571E-1,1.288928E-1,1.313592E-1,1.335030E-1,1.352729E-1,1.366221E-1,1.375086E-1,1.378955E-1,1.377518E-1,1.370523E-1,1.357786E-1,1.339188E-1,1.314683E-1,1.284297E-1,1.248128E-1,1.206350E-1,1.159213E-1,1.107039E-1,1.050223E-1,9.892335E-2,9.246051E-2,8.569389E-2,7.868984E-2,7.152041E-2,6.426299E-2,5.699984E-2,4.981700E-2,4.280472E-2,3.605580E-2,2.966537E-2,2.373015E-2,1.834767E-2,1.361552E-2,9.630631E-3,6.488460E-3,4.282273E-3,3.102358E-3,3.035286E-3,4.163179E-3,6.563007E-3,1.030591E-2,1.545652E-2,2.207241E-2,3.020348E-2,3.989144E-2,5.116937E-2,6.406129E-2,7.858176E-2,9.473566E-2,1.125179E-1,1.319134E-1,1.528965E-1,1.754318E-1,1.994732E-1,2.249648E-1,2.518407E-1,2.800253E-1,3.094334E-1,3.399712E-1,3.715360E-1,4.040172E-1,4.372965E-1,4.712488E-1,5.057430E-1,5.406420E-1,5.758039E-1,6.110832E-1,6.463314E-1,6.813968E-1,7.161264E-1,7.503674E-1,7.839668E-1,8.167724E-1,8.486343E-1,8.794060E-1,9.089443E-1,9.371110E-1,9.637732E-1,9.888044E-1,1.012085,1.033504,1.052958,1.070352,1.085603,1.098635,1.109387,1.117804,1.123846,1.127483,1.128697
0.8,86.03958,83.81834,77.68076,68.94479,59.14223,49.51622,40.81602,33.34794,27.13060,22.04085,17.90894,14.56712,11.86849,9.690998,7.935324,6.521096,5.383219,4.468809,3.734789,3.146023,2.673855,2.294957,1.990382,1.744806,1.545889,1.383740,1.250478,1.139860,1.046970,9.679614E-1,8.998453E-1,8.403120E-1,7.875882E-1,7.403203E-1,6.974790E-1,6.582836E-1,6.221428E-1,5.886069E-1,5.573315E-1,5.280495E-1,5.005501E-1,4.746629E-1,4.502466E-1,4.271810E-1,4.053612E-1,3.846943E-1,3.650960E-1,3.464904E-1,3.288082E-1,3.119870E-1,2.959707E-1,2.807098E-1,2.661609E-1,2.522872E-1,2.390581E-1,2.264486E-1,2.144398E-1,2.030174E-1,1.921722E-1,1.818989E-1,1.721954E-1,1.630632E-1,1.545037E-1,1.465226E-1,1.391240E-1,1.323130E-1,1.260935E-1,1.204682E-1,1.154381E-1,1.110019E-1,1.071555E-1,1.038916E-1,1.011997E-1,9.906561E-2,9.747130E-2,9.639508E-2,9.581137E-2,9.569085E-2,9.600056E-2,9.670409E-2,9.776182E-2,9.913121E-2,1.007671E-1,1.026222E-1,1.046474E-1,1.067922E-1,1.090052E-1,1.112346E-1,1.134290E-1,1.155371E-1,1.175091E-1,1.192968E-1,1.208545E-1,1.221373E-1,1.231063E-1,1.237241E-1,1.239580E-1,1.237794E-1,1.231647E-1,1.220951E-1,1.205574E-1,1.185437E-1,1.160522E-1,1.130867E-1,1.096572E-1,1.057798E-1,1.014765E-1,9.677545E-2,9.171073E-2,8.632209E-2,8.065490E-2,7.475984E-2,6.869260E-2,6.251354E-2,5.628734E-2,5.008255E-2,4.397112E-2,3.802798E-2,3.233042E-2,2.695761E-2,2.199005E-2,1.750890E-2,1.359544E-2,1.033049E-2,7.793682E-3,6.062959E-3,5.213896E-3,5.319103E-3,6.447640E-3,8.664428E-3,1.202969E-2,1.659845E-2,2.241996E-2,2.953728E-2,3.798685E-2,4.779803E-2,5.899281E-2,7.158550E-2,8.558237E-2,1.009815E-1,1.177728E-1,1.359376E-1,1.554486E-1,1.762702E-1,1.983582E-1,2.216602E-1,2.461156E-1,2.716559E-1,2.982047E-1,3.256784E-1,3.539868E-1,3.830324E-1,4.127123E-1,4.429179E-1,4.735355E-1,5.044469E-1,5.355304E-1,5.666612E-1,5.977117E-1,6.285531E-1,6.590548E-1,6.890867E-1,7.185193E-1,7.472231E-1,7.750716E-1,8.019406E-1,8.277093E-1,8.522609E-1,8.754834E-1,8.972702E-1,9.175308E-1,9.361413E-1,9.530447E-1,9.681523E-1,9.813936E-1,9.927042E-1,1.002033,1.009335,1.014575,1.017729,1.018783
0.85,87.91777,85.52911,78.95924,69.68623,59.39334,49.40388,40.47694,32.89087,26.62852,21.53759,17.42895,14.12314,11.46652,9.333121,7.621234,6.248974,5.150265,4.271614,3.569609,3.009001,2.561183,2.202998,1.915761,1.684459,1.497093,1.344119,1.217996,1.112801,1.023914,9.477515E-1,8.815589E-1,8.232275E-1,7.711553E-1,7.241315E-1,6.812443E-1,6.418082E-1,6.053075E-1,5.713514E-1,5.396409E-1,5.099430E-1,4.820719E-1,4.558749E-1,4.312233E-1,4.080048E-1,3.861192E-1,3.654762E-1,3.459921E-1,3.275902E-1,3.101997E-1,2.937557E-1,2.781989E-1,2.634760E-1,2.495394E-1,2.363472E-1,2.238634E-1,2.120569E-1,2.009020E-1,1.903774E-1,1.804658E-1,1.711537E-1,1.624305E-1,1.542877E-1,1.467189E-1,1.397185E-1,1.332817E-1,1.274035E-1,1.220786E-1,1.173004E-1,1.130610E-1,1.093509E-1,1.061579E-1,1.034681E-1,1.012648E-1,9.952835E-2,9.823674E-2,9.736502E-2,9.688552E-2,9.676797E-2,9.697961E-2,9.748537E-2,9.824816E-2,9.922906E-2,1.003876E-1,1.016822E-1,1.030705E-1,1.045095E-1,1.059564E-1,1.073685E-1,1.087038E-1,1.099218E-1,1.109831E-1,1.118504E-1,1.124895E-1,1.128658E-1,1.129522E-1,1.127220E-1,1.121530E-1,1.112268E-1,1.099293E-1,1.082506E-1,1.061858E-1,1.037342E-1,1.009005E-1,9.769387E-2,9.412875E-2,9.022438E-2,8.600497E-2,8.149952E-2,7.674179E-2,7.177000E-2,6.662678E-2,6.135884E-2,5.601670E-2,5.065443E-2,4.532929E-2,4.010135E-2,3.503310E-2,3.018906E-2,2.563532E-2,2.143907E-2,1.766814E-2,1.439054E-2,1.167390E-2,9.585034E-3,8.189405E-3,7.550639E-3,7.730008E-3,8.785947E-3,1.077360E-2,1.374433E-2,1.774513E-2,2.281898E-2,2.900289E-2,3.632909E-2,4.482393E-2,5.450769E-2,6.539429E-2,7.749121E-2,9.079905E-2,1.053115E-1,1.210155E-1,1.378905E-1,1.559091E-1,1.750368E-1,1.952320E-1,2.164461E-1,2.386243E-1,2.617046E-1,2.856187E-1,3.102928E-1,3.356471E-1,3.615965E-1,3.880510E-1,4.149163E-1,4.420936E-1,4.694811E-1,4.969738E-1,5.244643E-1,5.518433E-1,5.790003E-1,6.058241E-1,6.322029E-1,6.580273E-1,6.831861E-1,7.075721E-1,7.310799E-1,7.536069E-1,7.750540E-1,7.953263E-1,8.143337E-1,8.319909E-1,8.482186E-1,8.629434E-1,8.760985E-1,8.876252E-1,8.974674E-1,9.055834E-1,9.119349E-1,9.164927E-1,9.192357E-1,9.201514E-1
0.9,89.72656,87.16867,80.16541,70.36241,59.59612,49.26526,40.13237,32.44422,26.14719,21.06094,16.97829,13.70929,11.09428,9.003805,7.334035,6.001725,4.939933,4.094650,3.422216,2.887335,2.461517,2.121827,1.849876,1.630992,1.453530,1.308298,1.188096,1.087314,1.001612,9.276605E-1,8.629166E-1,8.054562E-1,7.538302E-1,7.069522E-1,6.640108E-1,6.243997E-1,5.876637E-1,5.534580E-1,5.215174E-1,4.916325E-1,4.636335E-1,4.373780E-1,4.127430E-1,3.896185E-1,3.679049E-1,3.475098E-1,3.283474E-1,3.103374E-1,2.934054E-1,2.774820E-1,2.625037E-1,2.484124E-1,2.351555E-1,2.226858E-1,2.109619E-1,1.999471E-1,1.896093E-1,1.799209E-1,1.708580E-1,1.624003E-1,1.545297E-1,1.472308E-1,1.404896E-1,1.342934E-1,1.286298E-1,1.234870E-1,1.188526E-1,1.147137E-1,1.110563E-1,1.078651E-1,1.051234E-1,1.028128E-1,1.009129E-1,9.940174E-2,9.825512E-2,9.744709E-2,9.694986E-2,9.673387E-2,9.676800E-2,9.701971E-2,9.745525E-2,9.803993E-2,9.873821E-2,9.951431E-2,1.003322E-1,1.011558E-1,1.019499E-1,1.026797E-1,1.033117E-1,1.038136E-1,1.041552E-1,1.043077E-1,1.042452E-1,1.039440E-1,1.033833E-1,1.025456E-1,1.014162E-1,9.998451E-2,9.824305E-2,9.618840E-2,9.382105E-2,9.114525E-2,8.816965E-2,8.490674E-2,8.137315E-2,7.758951E-2,7.358046E-2,6.937446E-2,6.500372E-2,6.050404E-2,5.591457E-2,5.127763E-2,4.663848E-2,4.204500E-2,3.754744E-2,3.319808E-2,2.905090E-2,2.516122E-2,2.158534E-2,1.838017E-2,1.560278E-2,1.331005E-2,1.155827E-2,1.040266E-2,9.897036E-3,1.009339E-2,1.104140E-2,1.278814E-2,1.537768E-2,1.885064E-2,2.324392E-2,2.859034E-2,3.491828E-2,4.225144E-2,5.060858E-2,6.000325E-2,7.044353E-2,8.193207E-2,9.446561E-2,1.080351E-1,1.226258E-1,1.382166E-1,1.547806E-1,1.722853E-1,1.906918E-1,2.099558E-1,2.300275E-1,2.508514E-1,2.723665E-1,2.945077E-1,3.172047E-1,3.403827E-1,3.639650E-1,3.878642E-1,4.119999E-1,4.362819E-1,4.606199E-1,4.849212E-1,5.090916E-1,5.330364E-1,5.566600E-1,5.798667E-1,6.025634E-1,6.246543E-1,6.460485E-1,6.666558E-1,6.863889E-1,7.051635E-1,7.228988E-1,7.395181E-1,7.549491E-1,7.691243E-1,7.819815E-1,7.934641E-1,8.035226E-1,8.121078E-1,8.191863E-1,8.247249E-1,8.286987E-1,8.310902E-1,8.318887E-1
0.95,91.47124,88.74240,81.30495,70.97916,59.75590,49.10424,39.78422,32.00788,25.68490,20.60805,16.55350,13.32175,10.74781,8.699105,7.069864,5.775628,4.748689,3.934610,3.289555,2.778257,2.372388,2.049282,1.790876,1.582857,1.413944,1.275301,1.160060,1.062913,9.797892E-1,9.075914E-1,8.439762E-1,7.871841E-1,7.359006E-1,6.891478E-1,6.461988E-1,6.065118E-1,5.696802E-1,5.353940E-1,5.034114E-1,4.735390E-1,4.456161E-1,4.195046E-1,3.950825E-1,3.722384E-1,3.508698E-1,3.308803E-1,3.121797E-1,2.946829E-1,2.783105E-1,2.629883E-1,2.486480E-1,2.352264E-1,2.226663E-1,2.109153E-1,1.999272E-1,1.896602E-1,1.800770E-1,1.711449E-1,1.628344E-1,1.551197E-1,1.479774E-1,1.413863E-1,1.353269E-1,1.297813E-1,1.247318E-1,1.201615E-1,1.160534E-1,1.123902E-1,1.091539E-1,1.063260E-1,1.038867E-1,1.018154E-1,1.000900E-1,9.868737E-2,9.758307E-2,9.675146E-2,9.616574E-2,9.579811E-2,9.561979E-2,9.560134E-2,9.571268E-2,9.592334E-2,9.620273E-2,9.652029E-2,9.684578E-2,9.714937E-2,9.740225E-2,9.757640E-2,9.764523E-2,9.758355E-2,9.736808E-2,9.697733E-2,9.639210E-2,9.559558E-2,9.457351E-2,9.331442E-2,9.180972E-2,9.005386E-2,8.804442E-2,8.578224E-2,8.327145E-2,8.051953E-2,7.753736E-2,7.433909E-2,7.094230E-2,6.736778E-2,6.363954E-2,5.978467E-2,5.583323E-2,5.181806E-2,4.777467E-2,4.374098E-2,3.975711E-2,3.586520E-2,3.210910E-2,2.853407E-2,2.518661E-2,2.211401E-2,1.936417E-2,1.698517E-2,1.502503E-2,1.353132E-2,1.255084E-2,1.212929E-2,1.231088E-2,1.313816E-2,1.465141E-2,1.688857E-2,1.988482E-2,2.367230E-2,2.827982E-2,3.373259E-2,4.005200E-2,4.725531E-2,5.535554E-2,6.436125E-2,7.427626E-2,8.509983E-2,9.682614E-2,1.094444E-1,1.229392E-1,1.372896E-1,1.524697E-1,1.684491E-1,1.851921E-1,2.026580E-1,2.208023E-1,2.395749E-1,2.589220E-1,2.787856E-1,2.991039E-1,3.198114E-1,3.408417E-1,3.621161E-1,3.835674E-1,4.051162E-1,4.266846E-1,4.481923E-1,4.695581E-1,4.907006E-1,5.115374E-1,5.319860E-1,5.519677E-1,5.713989E-1,5.902026E-1,6.083015E-1,6.256209E-1,6.420888E-1,6.576362E-1,6.721979E-1,6.857120E-1,6.981211E-1,7.093721E-1,7.194169E-1,7.282143E-1,7.357197E-1,7.419073E-1,7.467480E-1,7.502208E-1,7.523105E-1,7.530080E-1
1.0,93.15629,90.25490,82.38270,71.54144,59.87716,48.92401,39.43393,31.58158,25.24007,20.17649,16.15164,12.95738,10.42391,8.415822,6.825611,5.567706,4.573727,3.788889,3.169252,2.679632,2.291918,1.983744,1.737399,1.538941,1.377458,1.244469,1.133427,1.039316,9.583175E-1,8.875502E-1,8.248521E-1,7.686115E-1,7.176326E-1,6.710300E-1,6.281477E-1,5.884965E-1,5.517070E-1,5.174947E-1,4.856343E-1,4.559412E-1,4.282587E-1,4.024489E-1,3.783874E-1,3.559592E-1,3.350566E-1,3.155781E-1,2.974279E-1,2.805158E-1,2.647569E-1,2.500723E-1,2.363887E-1,2.236387E-1,2.117604E-1,2.006975E-1,1.903994E-1,1.808200E-1,1.719181E-1,1.636567E-1,1.560022E-1,1.489246E-1,1.423964E-1,1.363925E-1,1.308895E-1,1.258655E-1,1.212990E-1,1.171708E-1,1.134597E-1,1.101462E-1,1.072100E-1,1.046305E-1,1.023866E-1,1.004566E-1,9.881823E-2,9.744821E-2,9.632278E-2,9.541745E-2,9.470713E-2,9.416619E-2,9.376863E-2,9.348815E-2,9.329834E-2,9.317281E-2,9.308542E-2,9.301038E-2,9.292248E-2,9.279730E-2,9.261145E-2,9.234252E-2,9.196962E-2,9.147323E-2,9.083579E-2,9.004131E-2,8.907599E-2,8.792821E-2,8.658865E-2,8.505037E-2,8.330906E-2,8.136297E-2,7.921304E-2,7.686301E-2,7.431936E-2,7.159135E-2,6.869109E-2,6.563339E-2,6.243583E-2,5.911863E-2,5.570455E-2,5.221887E-2,4.868920E-2,4.514532E-2,4.161909E-2,3.814422E-2,3.475611E-2,3.149163E-2,2.838889E-2,2.548700E-2,2.282587E-2,2.044591E-2,1.838779E-2,1.669216E-2,1.539936E-2,1.454919E-2,1.418057E-2,1.433131E-2,1.503779E-2,1.633473E-2,1.825488E-2,2.082877E-2,2.408446E-2,2.804733E-2,3.273977E-2,3.818104E-2,4.438706E-2,5.137016E-2,5.913901E-2,6.769842E-2,7.704913E-2,8.718805E-2,9.810767E-2,1.097962E-1,1.222382E-1,1.354133E-1,1.492970E-1,1.638610E-1,1.790725E-1,1.948950E-1,2.112877E-1,2.282064E-1,2.456031E-1,2.634264E-1,2.816220E-1,3.001321E-1,3.188967E-1,3.378532E-1,3.569369E-1,3.760808E-1,3.952174E-1,4.142771E-1,4.331896E-1,4.518849E-1,4.702916E-1,4.883397E-1,5.059568E-1,5.230803E-1,5.396364E-1,5.555610E-1,5.707902E-1,5.852622E-1,5.989180E-1,6.117018E-1,6.235607E-1,6.344456E-1,6.443113E-1,6.531164E-1,6.608240E-1,6.674018E-1,6.728220E-1,6.770617E-1,6.801030E-1,6.819329E-1,6.825436E-1
2.0,118.3908,111.8049,95.38882,75.82377,58.00942,43.71140,32.83658,24.71392,18.66951,14.17045,10.82028,8.326020,6.469520,5.087309,4.056568,3.285180,2.704324,2.262922,1.923327,1.658001,1.446965,1.275830,1.134309,1.015086,9.129754E-1,8.243039E-1,7.464550E-1,6.775450E-1,6.161928E-1,5.613580E-1,5.122315E-1,4.681606E-1,4.286001E-1,3.930803E-1,3.611874E-1,3.325504E-1,3.068339E-1,2.837331E-1,2.629709E-1,2.442958E-1,2.274804E-1,2.123196E-1,1.986294E-1,1.862453E-1,1.750209E-1,1.648261E-1,1.555461E-1,1.470795E-1,1.393369E-1,1.322396E-1,1.257186E-1,1.197132E-1,1.141699E-1,1.090418E-1,1.042875E-1,9.987022E-2,9.575779E-2,9.192139E-2,8.833549E-2,8.497725E-2,8.182630E-2,7.886425E-2,7.607466E-2,7.344258E-2,7.095456E-2,6.859836E-2,6.636288E-2,6.423803E-2,6.221462E-2,6.028425E-2,5.843936E-2,5.667301E-2,5.497894E-2,5.335147E-2,5.178548E-2,5.027640E-2,4.882013E-2,4.741301E-2,4.605192E-2,4.473406E-2,4.345707E-2,4.221898E-2,4.101816E-2,3.985336E-2,3.872368E-2,3.762829E-2,3.656707E-2,3.553986E-2,3.454688E-2,3.358858E-2,3.266562E-2,3.177890E-2,3.092951E-2,3.011872E-2,2.934796E-2,2.861881E-2,2.793300E-2,2.729235E-2,2.669880E-2,2.615435E-2,2.566111E-2,2.522119E-2,2.483678E-2,2.451004E-2,2.424317E-2,2.403835E-2,2.389772E-2,2.382337E-2,2.381736E-2,2.388164E-2,2.401810E-2,2.422851E-2,2.451454E-2,2.487771E-2,2.531942E-2,2.584090E-2,2.644322E-2,2.712729E-2,2.789381E-2,2.874333E-2,2.967614E-2,3.069236E-2,3.179187E-2,3.297436E-2,3.423925E-2,3.558577E-2,3.701288E-2,3.851932E-2,4.010358E-2,4.176393E-2,4.349838E-2,4.530469E-2,4.718044E-2,4.912286E-2,5.112910E-2,5.319596E-2,5.532011E-2,5.749793E-2,5.972561E-2,6.199928E-2,6.431434E-2,6.666738E-2,6.905300E-2,7.146627E-2,7.390390E-2,7.635943E-2,7.882834E-2,8.130531E-2,8.378521E-2,8.626263E-2,8.873221E-2,9.118850E-2,9.362590E-2,9.603905E-2,9.842244E-2,1.007706E-1,1.030780E-1,1.053394E-1,1.075494E-1,1.097028E-1,1.117944E-1,1.138193E-1,1.157726E-1,1.176495E-1,1.194455E-1,1.211561E-1,1.227773E-1,1.243049E-1,1.257353E-1,1.270648E-1,1.282901E-1,1.294083E-1,1.304164E-1,1.313120E-1,1.320927E-1,1.327568E-1,1.333024E-1,1.337282E-1,1.340331E-1,1.342163E-1,1.342775E-1
3.0,134.7760,124.2727,100.0366,74.39890,53.65449,38.47780,27.68322,20.03060,14.59642,10.73318,7.985332,6.028718,4.631465,3.627908,2.900306,2.365599,1.965684,1.660258,1.421580,1.230678,1.074619,9.445895E-1,8.345465E-1,7.402934E-1,6.588554E-1,5.880616E-1,5.262715E-1,4.721990E-1,4.248005E-1,3.832029E-1,3.466610E-1,3.145289E-1,2.862424E-1,2.613070E-1,2.392887E-1,2.198075E-1,2.025316E-1,1.871718E-1,1.734772E-1,1.612307E-1,1.502446E-1,1.403575E-1,1.314304E-1,1.233437E-1,1.159948E-1,1.092957E-1,1.031703E-1,9.755351E-2,9.238889E-2,8.762777E-2,8.322794E-2,7.915271E-2,7.537006E-2,7.185200E-2,6.857394E-2,6.551418E-2,6.265354E-2,5.997500E-2,5.746339E-2,5.510515E-2,5.288814E-2,5.080143E-2,4.883520E-2,4.698054E-2,4.522945E-2,4.357462E-2,4.200946E-2,4.052796E-2,3.912470E-2,3.779470E-2,3.653348E-2,3.533693E-2,3.420134E-2,3.312333E-2,3.209983E-2,3.112806E-2,3.020548E-2,2.932981E-2,2.849899E-2,2.771113E-2,2.696455E-2,2.625773E-2,2.558928E-2,2.495796E-2,2.436265E-2,2.380235E-2,2.327616E-2,2.278324E-2,2.232286E-2,2.189435E-2,2.149710E-2,2.113056E-2,2.079422E-2,2.048762E-2,2.021031E-2,1.996190E-2,1.974200E-2,1.955023E-2,1.938626E-2,1.924973E-2,1.914029E-2,1.905763E-2,1.900138E-2,1.897121E-2,1.896676E-2,1.898768E-2,1.903358E-2,1.910407E-2,1.919876E-2,1.931722E-2,1.945902E-2,1.962370E-2,1.981078E-2,2.001977E-2,2.025014E-2,2.050136E-2,2.077287E-2,2.106409E-2,2.137441E-2,2.170321E-2,2.204985E-2,2.241365E-2,2.279393E-2,2.318998E-2,2.360108E-2,2.402648E-2,2.446542E-2,2.491713E-2,2.538082E-2,2.585566E-2,2.634085E-2,2.683555E-2,2.733890E-2,2.785006E-2,2.836817E-2,2.889233E-2,2.942169E-2,2.995535E-2,3.049243E-2,3.103202E-2,3.157325E-2,3.211522E-2,3.265703E-2,3.319779E-2,3.373663E-2,3.427266E-2,3.480501E-2,3.533281E-2,3.585521E-2,3.637136E-2,3.688043E-2,3.738160E-2,3.787406E-2,3.835702E-2,3.882970E-2,3.929135E-2,3.974122E-2,4.017861E-2,4.060281E-2,4.101316E-2,4.140898E-2,4.178967E-2,4.215461E-2,4.250322E-2,4.283495E-2,4.314929E-2,4.344572E-2,4.372379E-2,4.398306E-2,4.422311E-2,4.444358E-2,4.464410E-2,4.482437E-2,4.498411E-2,4.512305E-2,4.524099E-2,4.533774E-2,4.541316E-2,4.546711E-2,4.549952E-2,4.551033E-2
4.0,146.9580,132.4497,101.2728,71.45361,49.34125,34.11773,23.75476,16.68360,11.84719,8.534516,6.260250,4.691083,3.598620,2.827412,2.272590,1.864042,1.555259,1.315580,1.124831,9.696975E-1,8.413054E-1,7.336267E-1,6.424533E-1,5.647427E-1,4.982084E-1,4.410668E-1,3.918803E-1,3.494616E-1,3.128136E-1,2.810896E-1,2.535680E-1,2.296319E-1,2.087549E-1,1.904882E-1,1.744500E-1,1.603165E-1,1.478133E-1,1.367083E-1,1.268056E-1,1.179398E-1,1.099712E-1,1.027817E-1,9.627158E-2,9.035617E-2,8.496363E-2,8.003272E-2,7.551113E-2,7.135399E-2,6.752266E-2,6.398372E-2,6.070819E-2,5.767075E-2,5.484923E-2,5.222413E-2,4.977824E-2,4.749624E-2,4.536451E-2,4.337089E-2,4.150444E-2,3.975532E-2,3.811468E-2,3.657449E-2,3.512746E-2,3.376699E-2,3.248705E-2,3.128216E-2,3.014731E-2,2.907791E-2,2.806977E-2,2.711906E-2,2.622224E-2,2.537609E-2,2.457763E-2,2.382413E-2,2.311308E-2,2.244215E-2,2.180921E-2,2.121228E-2,2.064955E-2,2.011932E-2,1.962002E-2,1.915021E-2,1.870854E-2,1.829374E-2,1.790467E-2,1.754020E-2,1.719933E-2,1.688110E-2,1.658460E-2,1.630898E-2,1.605344E-2,1.581722E-2,1.559962E-2,1.539993E-2,1.521752E-2,1.505177E-2,1.490206E-2,1.476785E-2,1.464857E-2,1.454371E-2,1.445275E-2,1.437520E-2,1.431058E-2,1.425844E-2,1.421831E-2,1.418975E-2,1.417235E-2,1.416568E-2,1.416932E-2,1.418288E-2,1.420597E-2,1.423820E-2,1.427918E-2,1.432855E-2,1.438593E-2,1.445096E-2,1.452329E-2,1.460256E-2,1.468843E-2,1.478055E-2,1.487858E-2,1.498220E-2,1.509106E-2,1.520485E-2,1.532324E-2,1.544591E-2,1.557256E-2,1.570286E-2,1.583653E-2,1.597324E-2,1.611271E-2,1.625464E-2,1.639874E-2,1.654472E-2,1.669231E-2,1.684121E-2,1.699117E-2,1.714191E-2,1.729316E-2,1.744467E-2,1.759617E-2,1.774742E-2,1.789816E-2,1.804816E-2,1.819718E-2,1.834498E-2,1.849133E-2,1.863602E-2,1.877882E-2,1.891953E-2,1.905793E-2,1.919381E-2,1.932700E-2,1.945729E-2,1.958450E-2,1.970845E-2,1.982897E-2,1.994589E-2,2.005904E-2,2.016828E-2,2.027345E-2,2.037441E-2,2.047103E-2,2.056317E-2,2.065072E-2,2.073355E-2,2.081156E-2,2.088464E-2,2.095270E-2,2.101564E-2,2.107339E-2,2.112586E-2,2.117300E-2,2.121474E-2,2.125102E-2,2.128180E-2,2.130704E-2,2.132670E-2,2.134076E-2,2.134921E-2,2.135202E-2
5.0,156.6954,138.1575,100.8733,68.16374,45.47406,30.52432,20.68889,14.19150,9.888095,7.029257,5.118740,3.828201,2.941918,2.319479,1.870324,1.536480,1.280965,1.080158,9.188304E-1,7.869868E-1,6.778795E-1,5.867859E-1,5.102643E-1,4.457041E-1,3.910566E-1,3.446718E-1,3.051957E-1,2.715062E-1,2.426674E-1,2.178969E-1,1.965411E-1,1.780539E-1,1.619803E-1,1.479413E-1,1.356216E-1,1.247593E-1,1.151368E-1,1.065730E-1,9.891733E-2,9.204411E-2,8.584841E-2,8.024227E-2,7.515172E-2,7.051432E-2,6.627712E-2,6.239503E-2,5.882944E-2,5.554715E-2,5.251942E-2,4.972129E-2,4.713094E-2,4.472920E-2,4.249914E-2,4.042577E-2,3.849574E-2,3.669711E-2,3.501917E-2,3.345228E-2,3.198775E-2,3.061771E-2,2.933501E-2,2.813316E-2,2.700627E-2,2.594893E-2,2.495623E-2,2.402366E-2,2.314710E-2,2.232276E-2,2.154719E-2,2.081718E-2,2.012981E-2,1.948239E-2,1.887242E-2,1.829760E-2,1.775583E-2,1.724514E-2,1.676373E-2,1.630991E-2,1.588212E-2,1.547893E-2,1.509898E-2,1.474104E-2,1.440392E-2,1.408656E-2,1.378791E-2,1.350705E-2,1.324307E-2,1.299514E-2,1.276248E-2,1.254434E-2,1.234003E-2,1.214890E-2,1.197032E-2,1.180370E-2,1.164850E-2,1.150419E-2,1.137026E-2,1.124624E-2,1.113169E-2,1.102616E-2,1.092925E-2,1.084057E-2,1.075975E-2,1.068642E-2,1.062025E-2,1.056090E-2,1.050806E-2,1.046142E-2,1.042071E-2,1.038563E-2,1.035592E-2,1.033133E-2,1.031159E-2,1.029648E-2,1.028575E-2,1.027919E-2,1.027658E-2,1.027771E-2,1.028237E-2,1.029038E-2,1.030155E-2,1.031568E-2,1.033260E-2,1.035215E-2,1.037414E-2,1.039843E-2,1.042485E-2,1.045325E-2,1.048348E-2,1.051541E-2,1.054888E-2,1.058377E-2,1.061994E-2,1.065726E-2,1.069561E-2,1.073488E-2,1.077493E-2,1.081566E-2,1.085696E-2,1.089871E-2,1.094082E-2,1.098318E-2,1.102570E-2,1.106827E-2,1.111080E-2,1.115321E-2,1.119540E-2,1.123729E-2,1.127881E-2,1.131986E-2,1.136037E-2,1.140027E-2,1.143949E-2,1.147795E-2,1.151560E-2,1.155236E-2,1.158817E-2,1.162298E-2,1.165672E-2,1.168935E-2,1.172080E-2,1.175104E-2,1.178000E-2,1.180766E-2,1.183397E-2,1.185888E-2,1.188236E-2,1.190437E-2,1.192488E-2,1.194387E-2,1.196129E-2,1.197714E-2,1.199137E-2,1.200399E-2,1.201496E-2,1.202426E-2,1.203190E-2,1.203784E-2,1.204209E-2,1.204464E-2,1.204549E-2
6.0,164.8259,142.2683,99.62194,64.90904,42.06654,27.52679,18.23658,12.27336,8.432216,5.943456,4.313300,3.226778,2.484876,1.963032,1.583841,1.299338,1.079671,9.060341E-1,7.662906E-1,6.523481E-1,5.585841E-1,4.809213E-1,4.162843E-1,3.622783E-1,3.169945E-1,2.788899E-1,2.467052E-1,2.194092E-1,1.961558E-1,1.762505E-1,1.591241E-1,1.443100E-1,1.314263E-1,1.201599E-1,1.102546E-1,1.014999E-1,9.372318E-2,8.678202E-2,8.055882E-2,7.495607E-2,6.989256E-2,6.530034E-2,6.112225E-2,5.730997E-2,5.382238E-2,5.062429E-2,4.768542E-2,4.497953E-2,4.248377E-2,4.017812E-2,3.804497E-2,3.606872E-2,3.423551E-2,3.253297E-2,3.095004E-2,2.947676E-2,2.810416E-2,2.682415E-2,2.562939E-2,2.451323E-2,2.346961E-2,2.249305E-2,2.157851E-2,2.072144E-2,1.991765E-2,1.916331E-2,1.845492E-2,1.778927E-2,1.716342E-2,1.657467E-2,1.602054E-2,1.549873E-2,1.500715E-2,1.454386E-2,1.410706E-2,1.369511E-2,1.330647E-2,1.293972E-2,1.259357E-2,1.226678E-2,1.195824E-2,1.166689E-2,1.139175E-2,1.113192E-2,1.088654E-2,1.065482E-2,1.043601E-2,1.022943E-2,1.003442E-2,9.850379E-3,9.676724E-3,9.512920E-3,9.358462E-3,9.212872E-3,9.075700E-3,8.946523E-3,8.824940E-3,8.710573E-3,8.603062E-3,8.502070E-3,8.407274E-3,8.318372E-3,8.235074E-3,8.157106E-3,8.084206E-3,8.016127E-3,7.952632E-3,7.893497E-3,7.838507E-3,7.787460E-3,7.740160E-3,7.696422E-3,7.656069E-3,7.618931E-3,7.584844E-3,7.553655E-3,7.525216E-3,7.499384E-3,7.476024E-3,7.455007E-3,7.436206E-3,7.419503E-3,7.404783E-3,7.391934E-3,7.380852E-3,7.371435E-3,7.363586E-3,7.357212E-3,7.352224E-3,7.348534E-3,7.346059E-3,7.344719E-3,7.344436E-3,7.345139E-3,7.346755E-3,7.349216E-3,7.352458E-3,7.356417E-3,7.361032E-3,7.366244E-3,7.371997E-3,7.378236E-3,7.384909E-3,7.391967E-3,7.399363E-3,7.407049E-3,7.414982E-3,7.423119E-3,7.431418E-3,7.439840E-3,7.448347E-3,7.456903E-3,7.465474E-3,7.474028E-3,7.482532E-3,7.490956E-3,7.499272E-3,7.507452E-3,7.515468E-3,7.523296E-3,7.530913E-3,7.538296E-3,7.545425E-3,7.552280E-3,7.558842E-3,7.565094E-3,7.571018E-3,7.576599E-3,7.581821E-3,7.586673E-3,7.591142E-3,7.595219E-3,7.598895E-3,7.602161E-3,7.605008E-3,7.607428E-3,7.609413E-3,7.610958E-3,7.612060E-3,7.612719E-3,7.612939E-3
7.0,171.8167,145.2697,97.91372,61.81687,39.06189,24.99170,16.23481,10.75781,7.314025,5.127542,3.716103,2.782566,2.145669,1.695690,1.366412,1.117690,9.248396E-1,7.722865E-1,6.498399E-1,5.505380E-1,4.694062E-1,4.027442E-1,3.477124E-1,3.020817E-1,2.640776E-1,2.322768E-1,2.055315E-1,1.829160E-1,1.636825E-1,1.472268E-1,1.330612E-1,1.207917E-1,1.100995E-1,1.007265E-1,9.246330E-2,8.513935E-2,7.861538E-2,7.277713E-2,6.753040E-2,6.279715E-2,5.851228E-2,5.462118E-2,5.107773E-2,4.784273E-2,4.488261E-2,4.216845E-2,3.967517E-2,3.738091E-2,3.526648E-2,3.331495E-2,3.151133E-2,2.984231E-2,2.829597E-2,2.686164E-2,2.552977E-2,2.429170E-2,2.313967E-2,2.206662E-2,2.106619E-2,2.013259E-2,1.926055E-2,1.844532E-2,1.768254E-2,1.696824E-2,1.629880E-2,1.567092E-2,1.508159E-2,1.452803E-2,1.400772E-2,1.351833E-2,1.305775E-2,1.262400E-2,1.221530E-2,1.182999E-2,1.146653E-2,1.112353E-2,1.079968E-2,1.049378E-2,1.020473E-2,9.931485E-3,9.673096E-3,9.428676E-3,9.197401E-3,8.978504E-3,8.771272E-3,8.575039E-3,8.389183E-3,8.213127E-3,8.046325E-3,7.888273E-3,7.738493E-3,7.596541E-3,7.461998E-3,7.334471E-3,7.213592E-3,7.099013E-3,6.990407E-3,6.887467E-3,6.789901E-3,6.697435E-3,6.609812E-3,6.526787E-3,6.448129E-3,6.373620E-3,6.303051E-3,6.236229E-3,6.172965E-3,6.113086E-3,6.056423E-3,6.002819E-3,5.952123E-3,5.904192E-3,5.858891E-3,5.816090E-3,5.775666E-3,5.737502E-3,5.701487E-3,5.667515E-3,5.635486E-3,5.605303E-3,5.576875E-3,5.550115E-3,5.524938E-3,5.501265E-3,5.479020E-3,5.458132E-3,5.438531E-3,5.420152E-3,5.402932E-3,5.386811E-3,5.371730E-3,5.357636E-3,5.344475E-3,5.332198E-3,5.320756E-3,5.310106E-3,5.300203E-3,5.291006E-3,5.282474E-3,5.274571E-3,5.267258E-3,5.260501E-3,5.254269E-3,5.248528E-3,5.243249E-3,5.238405E-3,5.233966E-3,5.229908E-3,5.226204E-3,5.222832E-3,5.219767E-3,5.216989E-3,5.214477E-3,5.212214E-3,5.210179E-3,5.208356E-3,5.206727E-3,5.205278E-3,5.203991E-3,5.202854E-3,5.201853E-3,5.200976E-3,5.200212E-3,5.199550E-3,5.198979E-3,5.198490E-3,5.198072E-3,5.197719E-3,5.197420E-3,5.197170E-3,5.196963E-3,5.196793E-3,5.196657E-3,5.196549E-3,5.196465E-3,5.196399E-3,5.196347E-3,5.196306E-3,5.196274E-3,5.196252E-3,5.196244E-3
8.0,177.9565,147.4633,95.96516,58.92432,36.39883,22.82171,14.57378,9.534907,6.432179,4.494162,3.255892,2.439941,1.882253,1.486241,1.194858,9.739493E-1,8.025385E-1,6.672548E-1,5.591769E-1,4.720713E-1,4.013933E-1,3.437185E-1,2.964057E-1,2.573869E-1,2.250283E-1,1.980342E-1,1.753733E-1,1.562248E-1,1.399347E-1,1.259809E-1,1.139471E-1,1.035000E-1,9.437252E-2,8.634985E-2,7.925855E-2,7.295796E-2,6.733338E-2,6.229077E-2,5.775244E-2,5.365385E-2,4.994094E-2,4.656812E-2,4.349663E-2,4.069332E-2,3.812959E-2,3.578067E-2,3.362491E-2,3.164333E-2,2.981918E-2,2.813763E-2,2.658551E-2,2.515105E-2,2.382372E-2,2.259409E-2,2.145367E-2,2.039483E-2,1.941066E-2,1.849494E-2,1.764203E-2,1.684682E-2,1.610468E-2,1.541142E-2,1.476320E-2,1.415655E-2,1.358831E-2,1.305559E-2,1.255576E-2,1.208641E-2,1.164533E-2,1.123052E-2,1.084014E-2,1.047248E-2,1.012599E-2,9.799251E-3,9.490940E-3,9.199848E-3,8.924856E-3,8.664933E-3,8.419126E-3,8.186554E-3,7.966399E-3,7.757904E-3,7.560365E-3,7.373130E-3,7.195591E-3,7.027182E-3,6.867376E-3,6.715683E-3,6.571644E-3,6.434831E-3,6.304842E-3,6.181302E-3,6.063860E-3,5.952187E-3,5.845974E-3,5.744931E-3,5.648786E-3,5.557282E-3,5.470177E-3,5.387246E-3,5.308275E-3,5.233061E-3,5.161416E-3,5.093160E-3,5.028123E-3,4.966145E-3,4.907076E-3,4.850772E-3,4.797097E-3,4.745925E-3,4.697134E-3,4.650608E-3,4.606240E-3,4.563926E-3,4.523567E-3,4.485072E-3,4.448351E-3,4.413322E-3,4.379904E-3,4.348024E-3,4.317608E-3,4.288590E-3,4.260903E-3,4.234486E-3,4.209281E-3,4.185232E-3,4.162286E-3,4.140393E-3,4.119506E-3,4.099578E-3,4.080565E-3,4.062428E-3,4.045125E-3,4.028620E-3,4.012877E-3,3.997863E-3,3.983545E-3,3.969893E-3,3.956877E-3,3.944469E-3,3.932643E-3,3.921373E-3,3.910636E-3,3.900409E-3,3.890670E-3,3.881400E-3,3.872578E-3,3.864185E-3,3.856205E-3,3.848619E-3,3.841412E-3,3.834570E-3,3.828077E-3,3.821920E-3,3.816088E-3,3.810567E-3,3.805346E-3,3.800415E-3,3.795761E-3,3.791377E-3,3.787252E-3,3.783379E-3,3.779751E-3,3.776359E-3,3.773196E-3,3.770257E-3,3.767534E-3,3.765022E-3,3.762715E-3,3.760610E-3,3.758701E-3,3.756986E-3,3.755461E-3,3.754124E-3,3.752972E-3,3.752001E-3,3.751208E-3,3.750590E-3,3.750146E-3,3.749877E-3,3.749787E-3
9.0,183.4378,149.0498,93.90120,56.23416,34.02457,20.94529,13.17679,8.530929,5.721475,3.989365,2.890314,2.166907,1.670992,1.317260,1.056057,8.577952E-1,7.041910E-1,5.834193E-1,4.874416E-1,4.105454E-1,3.485190E-1,2.981757E-1,2.570632E-1,2.232745E-1,1.953182E-1,1.720242E-1,1.524726E-1,1.359394E-1,1.218536E-1,1.097642E-1,9.931405E-2,9.021947E-2,8.225423E-2,7.523703E-2,6.902180E-2,6.349013E-2,5.854532E-2,5.410788E-2,5.011189E-2,4.650229E-2,4.323272E-2,4.026381E-2,3.756189E-2,3.509798E-2,3.284694E-2,3.078685E-2,2.889848E-2,2.716491E-2,2.557116E-2,2.410393E-2,2.275140E-2,2.150299E-2,2.034923E-2,1.928167E-2,1.829267E-2,1.737539E-2,1.652365E-2,1.573188E-2,1.499505E-2,1.430862E-2,1.366845E-2,1.307084E-2,1.251239E-2,1.199002E-2,1.150094E-2,1.104261E-2,1.061272E-2,1.020914E-2,9.829944E-3,9.473375E-3,9.137815E-3,8.821787E-3,8.523934E-3,8.243010E-3,7.977871E-3,7.727463E-3,7.490816E-3,7.267034E-3,7.055292E-3,6.854826E-3,6.664930E-3,6.484950E-3,6.314278E-3,6.152352E-3,5.998649E-3,5.852681E-3,5.713998E-3,5.582178E-3,5.456828E-3,5.337581E-3,5.224096E-3,5.116051E-3,5.013147E-3,4.915105E-3,4.821661E-3,4.732570E-3,4.647602E-3,4.566538E-3,4.489176E-3,4.415325E-3,4.344804E-3,4.277444E-3,4.213085E-3,4.151577E-3,4.092779E-3,4.036557E-3,3.982785E-3,3.931343E-3,3.882120E-3,3.835008E-3,3.789909E-3,3.746726E-3,3.705369E-3,3.665755E-3,3.627801E-3,3.591432E-3,3.556575E-3,3.523162E-3,3.491128E-3,3.460411E-3,3.430953E-3,3.402699E-3,3.375596E-3,3.349593E-3,3.324643E-3,3.300701E-3,3.277725E-3,3.255674E-3,3.234510E-3,3.214195E-3,3.194695E-3,3.175976E-3,3.158006E-3,3.140757E-3,3.124199E-3,3.108306E-3,3.093052E-3,3.078412E-3,3.064363E-3,3.050883E-3,3.037951E-3,3.025547E-3,3.013651E-3,3.002246E-3,2.991315E-3,2.980842E-3,2.970812E-3,2.961208E-3,2.952018E-3,2.943228E-3,2.934825E-3,2.926799E-3,2.919136E-3,2.911828E-3,2.904864E-3,2.898235E-3,2.891931E-3,2.885944E-3,2.880265E-3,2.874887E-3,2.869803E-3,2.865007E-3,2.860492E-3,2.856254E-3,2.852285E-3,2.848581E-3,2.845137E-3,2.841949E-3,2.839012E-3,2.836324E-3,2.833879E-3,2.831677E-3,2.829714E-3,2.827989E-3,2.826498E-3,2.825240E-3,2.824212E-3,2.823412E-3,2.822838E-3,2.822492E-3,2.822377E-3
10.0,188.3951,150.1685,91.79622,53.73610,31.89582,19.30871,11.98847,7.694603,5.138211,3.578246,2.592802,1.943849,1.497529,1.178074,9.417565E-1,7.624891E-1,6.239886E-1,5.155628E-1,4.298337E-1,3.615022E-1,3.066440E-1,2.622937E-1,2.261822E-1,1.965598E-1,1.720717E-1,1.516658E-1,1.345230E-1,1.200047E-1,1.076115E-1,9.695136E-2,8.771583E-2,7.966080E-2,7.259212E-2,6.635432E-2,6.082211E-2,5.589365E-2,5.148557E-2,4.752896E-2,4.396643E-2,4.074975E-2,3.783804E-2,3.519641E-2,3.279486E-2,3.060741E-2,2.861146E-2,2.678720E-2,2.511724E-2,2.358622E-2,2.218055E-2,2.088813E-2,1.969822E-2,1.860123E-2,1.758857E-2,1.665255E-2,1.578629E-2,1.498361E-2,1.423892E-2,1.354723E-2,1.290401E-2,1.230519E-2,1.174708E-2,1.122635E-2,1.073998E-2,1.028524E-2,9.859648E-3,9.460939E-3,9.087063E-3,8.736149E-3,8.406494E-3,8.096540E-3,7.804863E-3,7.530163E-3,7.271248E-3,7.027021E-3,6.796477E-3,6.578694E-3,6.372822E-3,6.178076E-3,5.993735E-3,5.819133E-3,5.653652E-3,5.496723E-3,5.347816E-3,5.206443E-3,5.072148E-3,4.944509E-3,4.823135E-3,4.707659E-3,4.597743E-3,4.493068E-3,4.393340E-3,4.298282E-3,4.207636E-3,4.121161E-3,4.038631E-3,3.959834E-3,3.884573E-3,3.812662E-3,3.743926E-3,3.678202E-3,3.615336E-3,3.555183E-3,3.497607E-3,3.442480E-3,3.389682E-3,3.339098E-3,3.290623E-3,3.244154E-3,3.199596E-3,3.156860E-3,3.115860E-3,3.076515E-3,3.038751E-3,3.002495E-3,2.967678E-3,2.934237E-3,2.902111E-3,2.871242E-3,2.841575E-3,2.813059E-3,2.785644E-3,2.759284E-3,2.733935E-3,2.709554E-3,2.686101E-3,2.663540E-3,2.641833E-3,2.620948E-3,2.600851E-3,2.581512E-3,2.562902E-3,2.544992E-3,2.527757E-3,2.511171E-3,2.495211E-3,2.479853E-3,2.465076E-3,2.450861E-3,2.437186E-3,2.424035E-3,2.411388E-3,2.399229E-3,2.387543E-3,2.376313E-3,2.365527E-3,2.355170E-3,2.345229E-3,2.335691E-3,2.326546E-3,2.317781E-3,2.309387E-3,2.301353E-3,2.293670E-3,2.286328E-3,2.279321E-3,2.272638E-3,2.266273E-3,2.260219E-3,2.254468E-3,2.249014E-3,2.243851E-3,2.238974E-3,2.234377E-3,2.230056E-3,2.226005E-3,2.222221E-3,2.218698E-3,2.215435E-3,2.212426E-3,2.209669E-3,2.207161E-3,2.204900E-3,2.202883E-3,2.201108E-3,2.199575E-3,2.198280E-3,2.197222E-3,2.196399E-3,2.195809E-3,2.195455E-3,2.195336E-3
11.0,192.9265,150.9207,89.69532,51.41542,29.97738,17.87074,10.96775,6.989184,4.652094,3.237331,2.345914,1.758062,1.352560,1.061645,8.463539E-1,6.833192E-1,5.577851E-1,4.599329E-1,3.829154E-1,3.217878E-1,2.728880E-1,2.334608E-1,2.014125E-1,1.751424E-1,1.534226E-1,1.353074E-1,1.200668E-1,1.071359E-1,9.607529E-2,8.654198E-2,7.826683E-2,7.103724E-2,6.468419E-2,5.907222E-2,5.409183E-2,4.965374E-2,4.568450E-2,4.212311E-2,3.891846E-2,3.602738E-2,3.341309E-2,3.104404E-2,2.889299E-2,2.693627E-2,2.515324E-2,2.352578E-2,2.203794E-2,2.067567E-2,1.942648E-2,1.827932E-2,1.722435E-2,1.625281E-2,1.535685E-2,1.452949E-2,1.376446E-2,1.305615E-2,1.239951E-2,1.179002E-2,1.122360E-2,1.069656E-2,1.020562E-2,9.747760E-3,9.320291E-3,8.920759E-3,8.546947E-3,8.196841E-3,7.868609E-3,7.560586E-3,7.271258E-3,6.999241E-3,6.743272E-3,6.502198E-3,6.274963E-3,6.060597E-3,5.858214E-3,5.666997E-3,5.486196E-3,5.315121E-3,5.153136E-3,4.999655E-3,4.854135E-3,4.716075E-3,4.585012E-3,4.460515E-3,4.342188E-3,4.229659E-3,4.122586E-3,4.020650E-3,3.923554E-3,3.831021E-3,3.742794E-3,3.658631E-3,3.578308E-3,3.501615E-3,3.428356E-3,3.358347E-3,3.291416E-3,3.227402E-3,3.166154E-3,3.107530E-3,3.051396E-3,2.997628E-3,2.946108E-3,2.896725E-3,2.849374E-3,2.803959E-3,2.760385E-3,2.718567E-3,2.678422E-3,2.639872E-3,2.602843E-3,2.567267E-3,2.533078E-3,2.500214E-3,2.468617E-3,2.438232E-3,2.409004E-3,2.380886E-3,2.353830E-3,2.327791E-3,2.302728E-3,2.278599E-3,2.255367E-3,2.232996E-3,2.211451E-3,2.190700E-3,2.170711E-3,2.151457E-3,2.132908E-3,2.115038E-3,2.097822E-3,2.081236E-3,2.065257E-3,2.049864E-3,2.035035E-3,2.020751E-3,2.006994E-3,1.993746E-3,1.980989E-3,1.968708E-3,1.956888E-3,1.945513E-3,1.934571E-3,1.924047E-3,1.913929E-3,1.904207E-3,1.894867E-3,1.885900E-3,1.877294E-3,1.869041E-3,1.861131E-3,1.853555E-3,1.846305E-3,1.839374E-3,1.832753E-3,1.826436E-3,1.820415E-3,1.814686E-3,1.809240E-3,1.804074E-3,1.799180E-3,1.794556E-3,1.790195E-3,1.786094E-3,1.782249E-3,1.778655E-3,1.775309E-3,1.772207E-3,1.769347E-3,1.766726E-3,1.764341E-3,1.762190E-3,1.760271E-3,1.758583E-3,1.757123E-3,1.755890E-3,1.754883E-3,1.754100E-3,1.753540E-3,1.753203E-3,1.753090E-3
12.0,197.1056,151.3814,87.62573,49.25658,28.24051,16.59912,10.08353,6.387683,4.241527,2.950307,2.137746,1.600930,1.229719,9.630595E-1,7.658417E-1,6.168483E-1,5.025301E-1,4.137758E-1,3.441891E-1,2.891436E-1,2.452219E-1,2.098671E-1,1.811507E-1,1.576100E-1,1.381313E-1,1.218640E-1,1.081552E-1,9.650247E-2,8.651692E-2,7.789557E-2,7.040111E-2,6.384611E-2,5.808133E-2,5.298683E-2,4.846534E-2,4.443717E-2,4.083645E-2,3.760819E-2,3.470609E-2,3.209085E-2,2.972887E-2,2.759122E-2,2.565284E-2,2.389194E-2,2.228946E-2,2.082869E-2,1.949493E-2,1.827518E-2,1.715798E-2,1.613312E-2,1.519159E-2,1.432532E-2,1.352715E-2,1.279070E-2,1.211023E-2,1.148064E-2,1.089734E-2,1.035623E-2,9.853620E-3,9.386177E-3,8.950913E-3,8.545137E-3,8.166410E-3,7.812531E-3,7.481508E-3,7.171536E-3,6.880974E-3,6.608331E-3,6.352254E-3,6.111508E-3,5.884964E-3,5.671596E-3,5.470462E-3,5.280701E-3,5.101523E-3,4.932204E-3,4.772077E-3,4.620530E-3,4.477000E-3,4.340966E-3,4.211950E-3,4.089507E-3,3.973228E-3,3.862733E-3,3.757672E-3,3.657716E-3,3.562565E-3,3.471937E-3,3.385570E-3,3.303221E-3,3.224663E-3,3.149685E-3,3.078088E-3,3.009688E-3,2.944313E-3,2.881802E-3,2.822004E-3,2.764777E-3,2.709989E-3,2.657516E-3,2.607241E-3,2.559053E-3,2.512851E-3,2.468536E-3,2.426018E-3,2.385211E-3,2.346034E-3,2.308411E-3,2.272269E-3,2.237540E-3,2.204161E-3,2.172071E-3,2.141211E-3,2.111530E-3,2.082973E-3,2.055495E-3,2.029048E-3,2.003588E-3,1.979076E-3,1.955470E-3,1.932736E-3,1.910836E-3,1.889739E-3,1.869411E-3,1.849824E-3,1.830948E-3,1.812756E-3,1.795223E-3,1.778324E-3,1.762035E-3,1.746335E-3,1.731202E-3,1.716616E-3,1.702558E-3,1.689010E-3,1.675954E-3,1.663375E-3,1.651255E-3,1.639581E-3,1.628339E-3,1.617513E-3,1.607093E-3,1.597065E-3,1.587417E-3,1.578140E-3,1.569221E-3,1.560651E-3,1.552421E-3,1.544520E-3,1.536942E-3,1.529676E-3,1.522716E-3,1.516054E-3,1.509683E-3,1.503597E-3,1.497788E-3,1.492251E-3,1.486981E-3,1.481971E-3,1.477218E-3,1.472715E-3,1.468459E-3,1.464445E-3,1.460670E-3,1.457130E-3,1.453820E-3,1.450739E-3,1.447883E-3,1.445249E-3,1.442835E-3,1.440638E-3,1.438657E-3,1.436889E-3,1.435333E-3,1.433988E-3,1.432852E-3,1.431924E-3,1.431202E-3,1.430687E-3,1.430377E-3,1.430274E-3
13.0,200.9891,151.6078,85.60373,47.24475,26.66150,15.46817,9.311766,5.869856,3.890738,2.705514,1.959895,1.466373,1.124462,8.787413E-1,6.972474E-1,5.605006E-1,4.559370E-1,3.750424E-1,3.118194E-1,2.619339E-1,2.221976E-1,1.902394E-1,1.642835E-1,1.429926E-1,1.253555E-1,1.106041E-1,9.815236E-2,8.755071E-2,7.845193E-2,7.058621E-2,6.374200E-2,5.775198E-2,5.248262E-2,4.782621E-2,4.369502E-2,4.001688E-2,3.673183E-2,3.378958E-2,3.114763E-2,2.876977E-2,2.662495E-2,2.468639E-2,2.293084E-2,2.133809E-2,1.989046E-2,1.857243E-2,1.737037E-2,1.627227E-2,1.526749E-2,1.434665E-2,1.350141E-2,1.272438E-2,1.200896E-2,1.134931E-2,1.074018E-2,1.017692E-2,9.655338E-3,9.171701E-3,8.722653E-3,8.305177E-3,7.916564E-3,7.554377E-3,7.216413E-3,6.900684E-3,6.605394E-3,6.328917E-3,6.069776E-3,5.826632E-3,5.598268E-3,5.383576E-3,5.181545E-3,4.991254E-3,4.811862E-3,4.642595E-3,4.482750E-3,4.331678E-3,4.188785E-3,4.053524E-3,3.925392E-3,3.803927E-3,3.688701E-3,3.579319E-3,3.475417E-3,3.376657E-3,3.282726E-3,3.193334E-3,3.108214E-3,3.027113E-3,2.949802E-3,2.876063E-3,2.805695E-3,2.738510E-3,2.674334E-3,2.613003E-3,2.554363E-3,2.498272E-3,2.444597E-3,2.393212E-3,2.343999E-3,2.296849E-3,2.251657E-3,2.208327E-3,2.166767E-3,2.126892E-3,2.088620E-3,2.051876E-3,2.016588E-3,1.982687E-3,1.950111E-3,1.918799E-3,1.888693E-3,1.859741E-3,1.831891E-3,1.805096E-3,1.779309E-3,1.754488E-3,1.730593E-3,1.707583E-3,1.685423E-3,1.664078E-3,1.643515E-3,1.623703E-3,1.604611E-3,1.586212E-3,1.568480E-3,1.551387E-3,1.534911E-3,1.519028E-3,1.503717E-3,1.488955E-3,1.474725E-3,1.461007E-3,1.447782E-3,1.435034E-3,1.422747E-3,1.410905E-3,1.399493E-3,1.388497E-3,1.377905E-3,1.367702E-3,1.357878E-3,1.348419E-3,1.339317E-3,1.330559E-3,1.322136E-3,1.314038E-3,1.306257E-3,1.298783E-3,1.291609E-3,1.284726E-3,1.278128E-3,1.271806E-3,1.265756E-3,1.259969E-3,1.254441E-3,1.249165E-3,1.244135E-3,1.239348E-3,1.234797E-3,1.230479E-3,1.226389E-3,1.222523E-3,1.218877E-3,1.215447E-3,1.212231E-3,1.209225E-3,1.206425E-3,1.203831E-3,1.201438E-3,1.199245E-3,1.197249E-3,1.195450E-3,1.193844E-3,1.192430E-3,1.191208E-3,1.190176E-3,1.189333E-3,1.188678E-3,1.188210E-3,1.187929E-3,1.187835E-3
14.0,204.6214,151.6443,83.63869,45.36630,25.22068,14.45720,8.633611,5.420249,3.587971,2.494413,1.806258,1.349959,1.033431,8.060016E-1,6.383097E-1,5.123102E-1,4.162683E-1,3.421911E-1,2.844425E-1,2.389595E-1,2.027674E-1,1.736675E-1,1.500235E-1,1.306109E-1,1.145090E-1,1.010218E-1,8.962016E-2,7.989931E-2,7.154692E-2,6.432031E-2,5.802893E-2,5.252175E-2,4.767781E-2,4.339916E-2,3.960571E-2,3.623125E-2,3.322056E-2,3.052716E-2,2.811165E-2,2.594038E-2,2.398442E-2,2.221881E-2,2.062190E-2,1.917482E-2,1.786109E-2,1.666629E-2,1.557773E-2,1.458425E-2,1.367602E-2,1.284434E-2,1.208151E-2,1.138072E-2,1.073590E-2,1.014167E-2,9.593234E-3,9.086323E-3,8.617113E-3,8.182193E-3,7.778503E-3,7.403298E-3,7.054115E-3,6.728740E-3,6.425176E-3,6.141620E-3,5.876448E-3,5.628189E-3,5.395507E-3,5.177194E-3,4.972152E-3,4.779382E-3,4.597973E-3,4.427096E-3,4.265994E-3,4.113972E-3,3.970397E-3,3.834686E-3,3.706306E-3,3.584767E-3,3.469616E-3,3.360440E-3,3.256855E-3,3.158507E-3,3.065070E-3,2.976240E-3,2.891739E-3,2.811306E-3,2.734702E-3,2.661703E-3,2.592100E-3,2.525700E-3,2.462325E-3,2.401805E-3,2.343983E-3,2.288714E-3,2.235862E-3,2.185297E-3,2.136901E-3,2.090562E-3,2.046174E-3,2.003638E-3,1.962864E-3,1.923762E-3,1.886252E-3,1.850257E-3,1.815704E-3,1.782526E-3,1.750657E-3,1.720039E-3,1.690612E-3,1.662323E-3,1.635122E-3,1.608960E-3,1.583791E-3,1.559572E-3,1.536264E-3,1.513826E-3,1.492222E-3,1.471418E-3,1.451381E-3,1.432079E-3,1.413483E-3,1.395565E-3,1.378298E-3,1.361657E-3,1.345618E-3,1.330157E-3,1.315253E-3,1.300885E-3,1.287034E-3,1.273680E-3,1.260807E-3,1.248396E-3,1.236432E-3,1.224900E-3,1.213784E-3,1.203071E-3,1.192747E-3,1.182800E-3,1.173218E-3,1.163989E-3,1.155101E-3,1.146546E-3,1.138312E-3,1.130390E-3,1.122772E-3,1.115448E-3,1.108410E-3,1.101651E-3,1.095163E-3,1.088939E-3,1.082973E-3,1.077257E-3,1.071786E-3,1.066554E-3,1.061556E-3,1.056786E-3,1.052239E-3,1.047911E-3,1.043798E-3,1.039894E-3,1.036197E-3,1.032703E-3,1.029408E-3,1.026308E-3,1.023402E-3,1.020685E-3,1.018155E-3,1.015811E-3,1.013649E-3,1.011667E-3,1.009864E-3,1.008238E-3,1.006787E-3,1.005510E-3,1.004405E-3,1.003473E-3,1.002711E-3,1.002119E-3,1.001697E-3,1.001444E-3,1.001359E-3
15.0,208.0380,151.5257,81.73550,43.60894,23.90150,13.54930,8.034081,5.026882,3.324303,2.310615,1.672287,1.248364,9.540741E-1,7.427715E-1,5.872771E-1,4.707558E-1,3.821892E-1,3.140502E-1,2.610345E-1,2.193309E-1,1.861631E-1,1.594906E-1,1.378039E-1,1.199789E-1,1.051748E-1,9.275802E-2,8.224813E-2,7.327820E-2,6.556507E-2,5.888850E-2,5.307521E-2,4.798743E-2,4.351443E-2,3.956619E-2,3.606879E-2,3.296093E-2,3.019128E-2,2.771653E-2,2.549990E-2,2.350989E-2,2.171945E-2,2.010521E-2,1.864689E-2,1.732685E-2,1.612970E-2,1.504198E-2,1.405186E-2,1.314899E-2,1.232420E-2,1.156946E-2,1.087763E-2,1.024242E-2,9.658249E-3,9.120151E-3,8.623724E-3,8.165044E-3,7.740609E-3,7.347298E-3,6.982314E-3,6.643150E-3,6.327560E-3,6.033527E-3,5.759233E-3,5.503039E-3,5.263468E-3,5.039186E-3,4.828980E-3,4.631755E-3,4.446517E-3,4.272361E-3,4.108461E-3,3.954069E-3,3.808500E-3,3.671125E-3,3.541373E-3,3.418718E-3,3.302679E-3,3.192812E-3,3.088710E-3,2.990000E-3,2.896336E-3,2.807398E-3,2.722892E-3,2.642546E-3,2.566107E-3,2.493341E-3,2.424032E-3,2.357979E-3,2.294993E-3,2.234901E-3,2.177541E-3,2.122760E-3,2.070419E-3,2.020384E-3,1.972534E-3,1.926752E-3,1.882931E-3,1.840970E-3,1.800775E-3,1.762255E-3,1.725328E-3,1.689915E-3,1.655942E-3,1.623341E-3,1.592045E-3,1.561993E-3,1.533128E-3,1.505394E-3,1.478740E-3,1.453117E-3,1.428478E-3,1.404782E-3,1.381985E-3,1.360049E-3,1.338938E-3,1.318616E-3,1.299050E-3,1.280209E-3,1.262063E-3,1.244583E-3,1.227744E-3,1.211519E-3,1.195884E-3,1.180817E-3,1.166295E-3,1.152298E-3,1.138806E-3,1.125800E-3,1.113262E-3,1.101176E-3,1.089525E-3,1.078293E-3,1.067467E-3,1.057032E-3,1.046974E-3,1.037282E-3,1.027942E-3,1.018944E-3,1.010277E-3,1.001930E-3,9.938921E-4,9.861552E-4,9.787099E-4,9.715474E-4,9.646596E-4,9.580386E-4,9.516769E-4,9.455675E-4,9.397036E-4,9.340788E-4,9.286869E-4,9.235221E-4,9.185789E-4,9.138520E-4,9.093364E-4,9.050275E-4,9.009207E-4,8.970117E-4,8.932966E-4,8.897715E-4,8.864330E-4,8.832776E-4,8.803022E-4,8.775037E-4,8.748794E-4,8.724267E-4,8.701432E-4,8.680267E-4,8.660750E-4,8.642864E-4,8.626590E-4,8.611912E-4,8.598817E-4,8.587291E-4,8.577325E-4,8.568908E-4,8.562033E-4,8.556693E-4,8.552881E-4,8.550595E-4,8.549833E-4
16.0,211.2677,151.2797,79.89621,41.96174,22.68997,12.73054,7.501128,4.680342,3.092852,2.149246,1.554519,1.159039,8.844097E-1,6.874299E-1,5.427739E-1,4.346473E-1,3.526643E-1,2.897207E-1,2.408184E-1,2.023803E-1,1.718133E-1,1.472214E-1,1.272092E-1,1.107423E-1,9.704972E-2,8.555205E-2,7.581061E-2,6.749052E-2,6.033311E-2,5.413686E-2,4.874277E-2,4.402402E-2,3.987832E-2,3.622220E-2,3.298688E-2,3.011515E-2,2.755897E-2,2.527776E-2,2.323697E-2,2.140703E-2,1.976253E-2,1.828151E-2,1.694495E-2,1.573633E-2,1.464123E-2,1.364707E-2,1.274283E-2,1.191884E-2,1.116660E-2,1.047864E-2,9.848355E-3,9.269917E-3,8.738169E-3,8.248538E-3,7.796964E-3,7.379840E-3,6.993949E-3,6.636423E-3,6.304703E-3,5.996492E-3,5.709735E-3,5.442588E-3,5.193391E-3,4.960649E-3,4.743014E-3,4.539270E-3,4.348315E-3,4.169149E-3,4.000870E-3,3.842653E-3,3.693749E-3,3.553477E-3,3.421214E-3,3.296392E-3,3.178490E-3,3.067032E-3,2.961580E-3,2.861732E-3,2.767120E-3,2.677403E-3,2.592269E-3,2.511427E-3,2.434611E-3,2.361574E-3,2.292086E-3,2.225936E-3,2.162927E-3,2.102877E-3,2.045615E-3,1.990983E-3,1.938835E-3,1.889033E-3,1.841448E-3,1.795961E-3,1.752460E-3,1.710841E-3,1.671006E-3,1.632862E-3,1.596324E-3,1.561312E-3,1.527748E-3,1.495562E-3,1.464687E-3,1.435059E-3,1.406620E-3,1.379313E-3,1.353086E-3,1.327888E-3,1.303674E-3,1.280397E-3,1.258017E-3,1.236494E-3,1.215790E-3,1.195870E-3,1.176700E-3,1.158248E-3,1.140485E-3,1.123381E-3,1.106909E-3,1.091045E-3,1.075762E-3,1.061039E-3,1.046852E-3,1.033182E-3,1.020008E-3,1.007312E-3,9.950744E-4,9.832793E-4,9.719100E-4,9.609511E-4,9.503880E-4,9.402064E-4,9.303930E-4,9.209351E-4,9.118205E-4,9.030377E-4,8.945755E-4,8.864236E-4,8.785719E-4,8.710109E-4,8.637315E-4,8.567250E-4,8.499831E-4,8.434979E-4,8.372621E-4,8.312683E-4,8.255099E-4,8.199804E-4,8.146735E-4,8.095834E-4,8.047046E-4,8.000316E-4,7.955595E-4,7.912834E-4,7.871988E-4,7.833015E-4,7.795872E-4,7.760521E-4,7.726927E-4,7.695052E-4,7.664866E-4,7.636338E-4,7.609438E-4,7.584140E-4,7.560417E-4,7.538248E-4,7.517608E-4,7.498478E-4,7.480839E-4,7.464674E-4,7.449967E-4,7.436703E-4,7.424870E-4,7.414455E-4,7.405450E-4,7.397844E-4,7.391632E-4,7.386806E-4,7.383362E-4,7.381297E-4,7.380608E-4
17.0,214.3341,150.9290,78.12106,40.41497,21.57418,11.98933,7.024961,4.373142,2.888235,2.006528,1.450265,1.079985,8.228721E-1,6.386885E-1,5.037072E-1,4.030449E-1,3.268833E-1,2.685057E-1,2.231982E-1,1.876002E-1,1.592872E-1,1.364947E-1,1.179298E-1,1.026377E-1,8.990858E-2,7.921014E-2,7.013950E-2,6.238902E-2,5.572082E-2,4.994901E-2,4.492659E-2,4.053587E-2,3.668165E-2,3.328597E-2,3.028440E-2,2.762323E-2,2.525728E-2,2.314834E-2,2.126387E-2,1.957599E-2,1.806078E-2,1.669758E-2,1.546852E-2,1.435807E-2,1.335273E-2,1.244072E-2,1.161175E-2,1.085680E-2,1.016796E-2,9.538271E-3,8.961619E-3,8.432597E-3,7.946430E-3,7.498894E-3,7.086241E-3,6.705145E-3,6.352643E-3,6.026098E-3,5.723156E-3,5.441709E-3,5.179871E-3,4.935951E-3,4.708429E-3,4.495935E-3,4.297237E-3,4.111222E-3,3.936881E-3,3.773303E-3,3.619661E-3,3.475203E-3,3.339246E-3,3.211168E-3,3.090401E-3,2.976425E-3,2.868766E-3,2.766990E-3,2.670697E-3,2.579520E-3,2.493125E-3,2.411199E-3,2.333459E-3,2.259639E-3,2.189497E-3,2.122806E-3,2.059359E-3,1.998960E-3,1.941433E-3,1.886608E-3,1.834332E-3,1.784459E-3,1.736857E-3,1.691399E-3,1.647967E-3,1.606454E-3,1.566757E-3,1.528779E-3,1.492433E-3,1.457633E-3,1.424301E-3,1.392363E-3,1.361750E-3,1.332397E-3,1.304242E-3,1.277228E-3,1.251300E-3,1.226407E-3,1.202501E-3,1.179537E-3,1.157470E-3,1.136261E-3,1.115871E-3,1.096265E-3,1.077406E-3,1.059264E-3,1.041807E-3,1.025007E-3,1.008835E-3,9.932654E-4,9.782734E-4,9.638354E-4,9.499290E-4,9.365330E-4,9.236273E-4,9.111926E-4,8.992108E-4,8.876645E-4,8.765372E-4,8.658132E-4,8.554777E-4,8.455165E-4,8.359161E-4,8.266636E-4,8.177467E-4,8.091538E-4,8.008737E-4,7.928959E-4,7.852103E-4,7.778072E-4,7.706775E-4,7.638126E-4,7.572039E-4,7.508437E-4,7.447244E-4,7.388386E-4,7.331797E-4,7.277410E-4,7.225163E-4,7.174997E-4,7.126856E-4,7.080686E-4,7.036435E-4,6.994056E-4,6.953500E-4,6.914726E-4,6.877691E-4,6.842357E-4,6.808685E-4,6.776639E-4,6.746188E-4,6.717298E-4,6.689939E-4,6.664084E-4,6.639707E-4,6.616782E-4,6.595287E-4,6.575199E-4,6.556499E-4,6.539168E-4,6.523188E-4,6.508543E-4,6.495219E-4,6.483203E-4,6.472484E-4,6.463051E-4,6.454894E-4,6.448005E-4,6.442378E-4,6.438006E-4,6.434886E-4,6.433015E-4,6.432391E-4
18.0,217.2569,150.4916,76.40911,38.95996,20.54389,11.31594,6.597550,4.099261,2.706184,1.879484,1.357403,1.009617,7.682058E-1,5.955115E-1,4.692009E-1,3.752002E-1,3.042065E-1,2.498606E-1,2.077119E-1,1.746003E-1,1.482556E-1,1.270328E-1,1.097309E-1,9.546557E-2,8.358080E-2,7.358516E-2,6.510668E-2,5.786104E-2,5.162796E-2,4.623487E-2,4.154489E-2,3.744813E-2,3.385536E-2,3.069337E-2,2.790150E-2,2.542908E-2,2.323348E-2,2.127858E-2,1.953366E-2,1.797240E-2,1.657221E-2,1.531364E-2,1.417985E-2,1.315627E-2,1.223022E-2,1.139066E-2,1.062797E-2,9.933724E-3,9.300551E-3,8.721974E-3,8.192302E-3,7.706519E-3,7.260198E-3,6.849428E-3,6.470740E-3,6.121062E-3,5.797660E-3,5.498099E-3,5.220212E-3,4.962056E-3,4.721897E-3,4.498179E-3,4.289504E-3,4.094615E-3,3.912380E-3,3.741777E-3,3.581880E-3,3.431854E-3,3.290941E-3,3.158451E-3,3.033757E-3,2.916289E-3,2.805528E-3,2.700996E-3,2.602258E-3,2.508918E-3,2.420609E-3,2.336995E-3,2.257767E-3,2.182643E-3,2.111359E-3,2.043674E-3,1.979364E-3,1.918224E-3,1.860061E-3,1.804697E-3,1.751969E-3,1.701723E-3,1.653817E-3,1.608118E-3,1.564504E-3,1.522858E-3,1.483074E-3,1.445052E-3,1.408696E-3,1.373920E-3,1.340642E-3,1.308784E-3,1.278273E-3,1.249043E-3,1.221028E-3,1.194171E-3,1.168413E-3,1.143702E-3,1.119988E-3,1.097223E-3,1.075365E-3,1.054370E-3,1.034198E-3,1.014814E-3,9.961807E-4,9.782655E-4,9.610368E-4,9.444646E-4,9.285206E-4,9.131782E-4,8.984118E-4,8.841974E-4,8.705121E-4,8.573343E-4,8.446434E-4,8.324200E-4,8.206454E-4,8.093021E-4,7.983733E-4,7.878430E-4,7.776962E-4,7.679184E-4,7.584960E-4,7.494158E-4,7.406656E-4,7.322335E-4,7.241082E-4,7.162790E-4,7.087357E-4,7.014685E-4,6.944683E-4,6.877261E-4,6.812337E-4,6.749829E-4,6.689661E-4,6.631761E-4,6.576059E-4,6.522488E-4,6.470986E-4,6.421494E-4,6.373953E-4,6.328310E-4,6.284512E-4,6.242511E-4,6.202260E-4,6.163713E-4,6.126829E-4,6.091566E-4,6.057888E-4,6.025759E-4,5.995143E-4,5.966008E-4,5.938324E-4,5.912061E-4,5.887192E-4,5.863690E-4,5.841532E-4,5.820696E-4,5.801161E-4,5.782905E-4,5.765912E-4,5.750162E-4,5.735641E-4,5.722333E-4,5.710226E-4,5.699308E-4,5.689569E-4,5.680999E-4,5.673589E-4,5.667330E-4,5.662217E-4,5.658244E-4,5.655408E-4,5.653708E-4,5.653142E-4
19.0,220.0526,149.9825,74.75869,37.58904,19.59025,10.70214,6.212258,3.853813,2.543279,1.765739,1.274233,9.466509E-1,7.193921E-1,5.570576E-1,4.385465E-1,3.505126E-1,2.841249E-1,2.333554E-1,1.939978E-1,1.630770E-1,1.384639E-1,1.186216E-1,1.024316E-1,8.907222E-2,7.793467E-2,6.856317E-2,6.061250E-2,5.381839E-2,4.797567E-2,4.292317E-2,3.853269E-2,3.470100E-2,3.134410E-2,2.839287E-2,2.578999E-2,2.348750E-2,2.144504E-2,1.962842E-2,1.800855E-2,1.656054E-2,1.526305E-2,1.409773E-2,1.304872E-2,1.210230E-2,1.124656E-2,1.047116E-2,9.767083E-3,9.126451E-3,8.542380E-3,8.008834E-3,7.520514E-3,7.072755E-3,6.661445E-3,6.282953E-3,5.934069E-3,5.611943E-3,5.314045E-3,5.038126E-3,4.782182E-3,4.544420E-3,4.323237E-3,4.117201E-3,3.925022E-3,3.745539E-3,3.577712E-3,3.420598E-3,3.273345E-3,3.135183E-3,3.005415E-3,2.883406E-3,2.768578E-3,2.660408E-3,2.558417E-3,2.462165E-3,2.371253E-3,2.285315E-3,2.204013E-3,2.127039E-3,2.054108E-3,1.984959E-3,1.919351E-3,1.857061E-3,1.797883E-3,1.741626E-3,1.688114E-3,1.637184E-3,1.588684E-3,1.542473E-3,1.498419E-3,1.456401E-3,1.416304E-3,1.378023E-3,1.341458E-3,1.306516E-3,1.273112E-3,1.241163E-3,1.210594E-3,1.181335E-3,1.153317E-3,1.126479E-3,1.100762E-3,1.076110E-3,1.052471E-3,1.029796E-3,1.008040E-3,9.871581E-4,9.671099E-4,9.478567E-4,9.293619E-4,9.115910E-4,8.945115E-4,8.780925E-4,8.623050E-4,8.471213E-4,8.325154E-4,8.184625E-4,8.049391E-4,7.919230E-4,7.793932E-4,7.673297E-4,7.557135E-4,7.445266E-4,7.337520E-4,7.233733E-4,7.133751E-4,7.037428E-4,6.944624E-4,6.855205E-4,6.769046E-4,6.686028E-4,6.606035E-4,6.528958E-4,6.454695E-4,6.383145E-4,6.314216E-4,6.247817E-4,6.183863E-4,6.122273E-4,6.062970E-4,6.005880E-4,5.950933E-4,5.898061E-4,5.847201E-4,5.798291E-4,5.751274E-4,5.706095E-4,5.662701E-4,5.621043E-4,5.581072E-4,5.542744E-4,5.506015E-4,5.470843E-4,5.437191E-4,5.405020E-4,5.374297E-4,5.344989E-4,5.317062E-4,5.290489E-4,5.265240E-4,5.241288E-4,5.218608E-4,5.197177E-4,5.176971E-4,5.157972E-4,5.140160E-4,5.123515E-4,5.108022E-4,5.093664E-4,5.080425E-4,5.068292E-4,5.057255E-4,5.047301E-4,5.038423E-4,5.030612E-4,5.023858E-4,5.018154E-4,5.013493E-4,5.009870E-4,5.007284E-4,5.005733E-4,5.005216E-4
20.0,222.7351,149.4142,73.16773,36.29534,18.70559,10.14097,5.863552,3.632795,2.396747,1.663372,1.199377,8.900418E-1,6.755965E-1,5.226386E-1,4.111669E-1,3.284960E-1,2.662300E-1,2.186478E-1,1.817699E-1,1.527913E-1,1.297122E-1,1.110935E-1,9.589049E-2,8.333729E-2,7.286678E-2,6.405428E-2,5.657796E-2,5.019083E-2,4.470079E-2,3.995655E-2,3.583743E-2,3.224601E-2,2.910285E-2,2.634250E-2,2.391059E-2,2.176163E-2,1.985731E-2,1.816522E-2,1.665776E-2,1.531138E-2,1.410590E-2,1.302398E-2,1.205066E-2,1.117302E-2,1.037988E-2,9.661512E-3,9.009468E-3,8.416379E-3,7.875806E-3,7.382113E-3,6.930358E-3,6.516195E-3,6.135798E-3,5.785792E-3,5.463192E-3,5.165354E-3,4.889933E-3,4.634843E-3,4.398226E-3,4.178423E-3,3.973951E-3,3.783484E-3,3.605828E-3,3.439912E-3,3.284772E-3,3.139538E-3,3.003422E-3,2.875713E-3,2.755767E-3,2.642996E-3,2.536868E-3,2.436897E-3,2.342642E-3,2.253697E-3,2.169692E-3,2.090290E-3,2.015177E-3,1.944069E-3,1.876703E-3,1.812837E-3,1.752248E-3,1.694729E-3,1.640091E-3,1.588157E-3,1.538763E-3,1.491759E-3,1.447004E-3,1.404366E-3,1.363726E-3,1.324968E-3,1.287989E-3,1.252690E-3,1.218978E-3,1.186768E-3,1.155980E-3,1.126539E-3,1.098374E-3,1.071419E-3,1.045613E-3,1.020897E-3,9.972174E-4,9.745220E-4,9.527628E-4,9.318945E-4,9.118745E-4,8.926623E-4,8.742200E-4,8.565117E-4,8.395036E-4,8.231638E-4,8.074619E-4,7.923696E-4,7.778598E-4,7.639070E-4,7.504871E-4,7.375771E-4,7.251552E-4,7.132010E-4,7.016950E-4,6.906186E-4,6.799543E-4,6.696854E-4,6.597962E-4,6.502717E-4,6.410974E-4,6.322598E-4,6.237461E-4,6.155440E-4,6.076417E-4,6.000283E-4,5.926932E-4,5.856262E-4,5.788179E-4,5.722590E-4,5.659409E-4,5.598553E-4,5.539944E-4,5.483507E-4,5.429169E-4,5.376865E-4,5.326527E-4,5.278095E-4,5.231510E-4,5.186714E-4,5.143655E-4,5.102282E-4,5.062547E-4,5.024404E-4,4.987809E-4,4.952719E-4,4.919096E-4,4.886901E-4,4.856098E-4,4.826653E-4,4.798534E-4,4.771711E-4,4.746155E-4,4.721838E-4,4.698735E-4,4.676818E-4,4.656067E-4,4.636458E-4,4.617973E-4,4.600591E-4,4.584295E-4,4.569069E-4,4.554897E-4,4.541763E-4,4.529653E-4,4.518555E-4,4.508458E-4,4.499354E-4,4.491234E-4,4.484090E-4,4.477913E-4,4.472697E-4,4.468433E-4,4.465119E-4,4.462752E-4,4.461333E-4,4.460860E-4
